id,National_Average_Unit_Cost,Total Costs,No. Data Submissions,
93,5053,469909,25,"£411,860.78"
94,3800,357223,37,"£268,332.20"
159,3413,542727,51,"£488,368.46"
258,3209,827811,60,"£666,723.33"
305,2174,663220,67,"£965,371.72"
68,13797,938165,30,"£407,595.47"
69,4431,305721,37,"£449,784.50"
143,4505,644232,44,"£669,725.92"
139,3560,494830,44,"£563,334.70"
100,2765,276520,28,"£386,499.21"
266,7209,1917500,49,"£979,975.50"
216,3688,796526,50,"£800,824.23"
238,2917,694336,49,"£643,765.42"
283,2667,754703,59,"£891,440.68"
367,2697,989920,66,"£1,063,824.67"
253,2886,730251,46,"£941,018.50"
177,9631,1704694,57,"£642,765.08"
205,4556,934000,55,"£814,621.30"
338,4391,1484004,68,"£1,234,476.11"
630,3080,1940286,83,"£2,088,421.38"
"2,001",1560,3121398,92,"£4,795,695.30"
289,7748,2239289,64,"£760,464.22"
470,5304,2492807,67,"£965,999.34"
650,4848,3151190,90,"£1,345,646.57"
801,3972,3181859,100,"£2,315,928.53"
"1,152",3051,3514841,115,"£3,789,946.29"
"1,326",2358,3126769,108,"£4,304,661.28"
213,4985,1061871,44,"£219,802.73"
159,3373,536353,35,"£481,966.47"
296,2352,696234,44,"£480,226.46"
145,1864,270306,33,"£818,224.16"
22,2271,49960,14,"£372,522.49"
35,2090,73134,21,"£64,513.30"
43,862,37053,20,"£57,623.39"
43,865,37203,24,"£31,699.59"
190,4153,789138,41,"£54,719.95"
178,3625,645279,48,"£483,390.85"
411,2945,1210359,57,"£465,391.91"
715,2030,1451168,52,"£921,931.47"
57,2781,158534,23,"£1,477,377.02"
130,2653,344833,36,"£77,698.70"
835,1724,1439860,84,"£278,143.92"
18,1444,25988,3,"£1,422,609.66"
125,1952,243961,21,"£65,304.02"
210,1186,248995,36,"£193,332.13"
390,11782,4594948,73,"£334,996.25"
343,7769,2664740,78,"£1,513,493.54"
320,6977,2232769,86,"£1,529,491.82"
303,4850,1469584,84,"£1,843,527.00"
285,3107,885636,74,"£1,744,073.06"
148,2887,427307,51,"£1,294,782.64"
"1,004",795,798677,29,"£801,641.87"
"1,358",490,665250,33,"£2,403,251.94"
137,24711,3385402,22,"£2,232,241.39"
243,15531,3774109,28,"£4,058,005.47"
276,11946,3297090,28,"£813,977.53"
25,30289,757223,8,"£419,182.82"
51,15383,784512,11,"£1,037,538.26"
100,9240,924016,19,"£1,251,540.01"
204,14380,2933448,25,"£2,055,129.36"
355,10921,3876872,26,"£5,055,748.89"
732,9364,6854411,32,"£6,276,956.04"
776,8960,6952732,35,"£540,363.80"
64,12250,783981,11,"£880,143.80"
96,9578,919526,17,"£2,680,754.36"
245,9732,2384235,21,"£1,569,715.10"
318,13292,4226755,27,"£3,434,820.23"
533,9796,5221438,31,"£9,662,883.47"
"1,221",8427,10289570,41,"£12,991,653.86"
"1,158",8114,9396031,43,"£532,924.55"
94,10747,1010224,14,"£824,886.70"
141,7626,1075308,16,"£1,558,741.24"
223,7120,1587664,16,"£1,107,060.24"
217,11683,2535216,26,"£3,005,861.24"
577,7869,4540551,37,"£10,841,154.67"
"1,435",7345,10540675,40,"£22,136,543.88"
"1,696",6979,11837146,50,"£435,821.50"
76,9435,717055,14,"£969,026.81"
151,7399,1117272,17,"£2,631,455.32"
327,6996,2287529,24,"£1,568,155.74"
456,5376,2451597,45,"£1,101,852.30"
224,4157,931229,38,"£1,436,009.72"
198,4279,847240,42,"£490,619.50"
78,3423,266976,34,"£365,108.61"
44,3106,136643,22,"£422,504.19"
57,2513,143220,31,"£163,721.74"
92,6014,553265,16,"£470,958.18"
101,7282,735517,17,"£2,675,495.94"
379,2320,879351,38,"£351,039.34"
50,2368,118405,16,"£14,685,211.72"
773,7715,5963857,32,"£1,475,612.05"
146,6941,1013454,15,"£3,345,133.16"
231,9413,2174294,27,"£372,576.03"
34,6651,226118,11,"£771,323.22"
283,3626,1026066,3,"£321,149.02"
265,3407,902894,9,"£1,408,036.00"
288,2787,802793,10,"£8,677,230.27"
"3,808",2126,8096765,46,"£549,030.90"
395,994,392797,23,"£2,160.40"
246,12219,3005930,19,"£8,272,090.52"
118,14122,1666343,16,"£318,188.90"
752,5007,3765288,25,"£2,013,056.95"
56,4394,246057,15,"£118,335.06"
264,3731,984913,20,"£418,446.94"
154,1298,199847,33,"£271,006.98"
772,804,620389,44,"£76,079.55"
65,816,53050,27,"£315,912.24"
726,1225,889653,70,"£704,747.37"
255,714,181966,30,"£350,962.70"
42,1003,42109,18,"£30,027.29"
7,666,4665,4,"£3,173.57"
175,1013,177269,33,"£858,101.35"
219,1068,233903,43,"£63,203.61"
541,968,523727,59,"£276,146.40"
76,1107,84105,41,"£538,897.47"
93,3729,346763,38,"£850,660.04"
53,2485,131728,30,"£1,350,767.51"
220,1494,328757,58,"£512,936.78"
445,1196,532219,82,"£769,531.55"
51,2784,141989,24,"£110,047.96"
33,1975,65166,19,"£213,380.90"
472,1547,730040,68,"£73,523.80"
432,1446,624570,61,"£304,588.53"
63,2201,138632,29,"£1,024,899.28"
97,2581,250369,33,"£2,783,092.54"
48,620,29758,13,"£285,182.88"
410,1624,665959,74,"£194,596.13"
"1,372",1336,1833641,95,"£554,973.59"
"2,852",1218,3473832,100,"£280,869.63"
59,4217,248807,33,"£733,585.15"
88,3652,321382,37,"£124,356.39"
134,3018,404366,46,"£178,705.07"
124,2796,346749,57,"£390,806.79"
246,2457,604438,65,"£53,934.85"
46,3130,143958,20,"£135,145.35"
123,2490,306301,48,"£576,776.90"
235,1883,442473,61,"£130,551.01"
33,2261,74626,21,"£66,070.73"
99,2129,210801,36,"£39,066.31"
283,1538,435252,64,"£25,726.35"
56,1675,93772,27,"£773,629.99"
40,1700,68013,18,"£1,375,686.55"
160,982,157128,43,"£1,264,165.09"
28,1662,46542,20,"£237,829.06"
249,4536,1129379,51,"£698,173.38"
488,3976,1940139,56,"£1,036,139.96"
427,3915,1671899,64,"£911,487.69"
97,5652,548235,31,"£1,261,644.53"
367,3212,1178636,71,"£152,664.70"
212,3236,686128,65,"£45,381.78"
430,2565,1102796,73,"£35,667.26"
379,2531,959283,62,"£46,055.72"
98,3301,323513,32,"£25,988.52"
24,1889,45328,19,"£41,704.63"
19,1411,26810,16,"£762,683.63"
57,1021,58193,15,"£966,740.68"
22,873,19212,11,"£835,835.29"
37,795,29397,13,"£2,172,764.02"
284,3677,1044259,34,"£132,572.67"
313,3632,1136862,41,"£169,001.24"
526,3151,1657404,51,"£37,952.49"
690,3035,2094251,52,"£41,521.47"
78,2627,204903,25,"£36,874.13"
47,1875,88102,18,"£47,659.92"
33,1759,58047,15,"£5,738.30"
33,2186,72135,14,"£82,173.76"
20,1419,28382,15,"£215,177.15"
9,1267,11403,7,"£179,103.58"
15,2068,31018,9,"£344,079.51"
50,2259,112959,15,"£319,451.59"
135,2055,277450,29,"£71,273.86"
67,2426,162523,23,"£92,112.27"
123,2216,272621,38,"£63,956.08"
185,2032,375863,50,"£28,135.37"
47,1680,78956,14,"£23,670.11"
41,2124,87104,22,"£839,289.96"
24,1709,41019,15,"£1,228,455.07"
4,719,2876,4,"£915,789.83"
549,3688,2024590,42,"£2,822,535.22"
636,3343,2125936,47,"£271,202.55"
528,2690,1420388,51,"£727,578.57"
926,2794,2587514,60,"£1,919,960.84"
144,5599,806313,29,"£105,971.95"
269,2438,655882,45,"£302,390.56"
445,2631,1171017,53,"£180,320.05"
35,1578,55221,19,"£184,099.63"
58,2172,125984,23,"£684,729.12"
160,3073,491734,25,"£90,288.30"
125,2463,307835,41,"£30,855.33"
234,2547,596045,51,"£26,472.96"
47,1731,81334,13,"£92,155.55"
16,1396,22338,11,£663.92
22,2287,50316,10,"£835,185.24"
39,1552,60516,12,"£274,523.39"
1,1593,1593,1,"£656,040.30"
284,3563,1011835,32,"£238,173.38"
201,2311,464479,37,"£1,057,514.54"
303,2172,658207,44,"£82,439.49"
148,2665,394389,39,"£165,123.56"
318,2569,817064,52,"£82,402.29"
54,1826,98615,18,"£101,950.62"
45,1754,78908,25,"£137,465.46"
79,1550,122415,29,"£3,346,324.81"
38,898,34123,16,"£6,699,106.97"
35,1501,52533,11,"£3,655,438.57"
138,20188,2785878,43,"£9,921,209.02"
211,15384,3245920,45,"£10,178,594.00"
129,14220,1834374,35,"£2,426,740.97"
"1,128",9591,10818328,81,"£974,409.89"
454,8092,3673677,79,"£2,355,740.19"
"2,267",5474,12409226,112,"£372,430.86"
"2,102",4670,9816527,111,"£4,790,193.04"
805,3507,2823483,111,"£809,731.59"
291,3355,976165,75,"£5,211,204.57"
631,2586,1631509,97,"£314,105.49"
124,2699,334722,42,"£222,494.54"
"1,088",4140,4503913,100,"£153,283.73"
121,4140,500953,56,"£103,719.14"
"1,893",2220,4202059,110,"£1,587,408.22"
92,2314,212922,53,"£294,825.22"
107,2424,259327,48,"£390,395.60"
91,1745,158772,53,"£1,518,633.12"
88,1210,106521,33,"£2,084,868.93"
477,2335,1113740,94,"£3,632,942.16"
203,1617,328161,71,"£685,901.15"
236,1454,343136,75,"£653,231.79"
382,3919,1497025,64,"£134,287.54"
376,3672,1380581,81,"£170,775.28"
649,3040,1972908,106,"£108,658.06"
300,2428,728398,84,"£1,025,008.78"
236,1738,410200,69,"£1,610,281.34"
41,2631,107884,29,"£5,181,569.62"
173,1483,256528,72,"£1,099,017.93"
111,1275,141560,44,"£4,392,342.29"
351,3990,1400493,67,"£1,504,734.49"
725,3178,2303808,103,"£1,510,101.17"
"2,163",2850,6164895,113,"£3,522,046.93"
335,2624,879088,90,"£1,638,039.66"
927,4667,4326264,101,"£445,708.28"
282,5632,1588182,77,"£429,523.89"
311,4631,1440146,84,"£40,240.43"
934,3156,2947571,100,"£228,418.55"
482,3392,1634952,91,"£508,316.90"
94,3387,318367,37,"£63,458.83"
265,1256,332720,84,"£40,951.65"
35,1685,58981,24,"£65,596.17"
243,1215,295287,71,£527.80
546,1211,661230,81,£260.08
28,1655,46334,20,"£21,016.19"
30,818,24545,19,"£82,664.70"
85,680,57834,32,"£663,731.71"
6,509,3057,2,"£137,640.72"
4,1559,6236,4,"£7,187,938.62"
98,1674,164012,25,"£12,156,215.86"
131,3208,420247,36,"£3,113,170.71"
20,3315,66300,16,"£3,889,611.43"
290,21864,6340620,16,"£1,394,384.13"
578,15305,8846184,16,"£1,919,563.47"
710,5224,3709054,93,"£731,402.26"
732,4372,3200220,95,"£402,750.64"
341,5102,1739799,81,"£211,457.92"
533,3443,1835349,88,"£235,212.58"
132,5606,740009,34,"£251,422.20"
214,2530,541372,69,"£127,248.73"
125,2432,303969,46,"£84,658.34"
62,2715,168318,33,"£8,612,440.69"
22,1606,35328,17,"£8,081,138.72"
165,1601,264153,61,"£18,330,153.93"
142,1255,178261,46,"£2,469,100.74"
"6,858",1913,13120295,118,"£656,105.35"
633,1835,1161706,89,"£551,501.46"
"9,282",1981,18387208,112,"£96,638.68"
"1,273",1644,2092888,104,"£3,210,075.92"
119,3978,473405,55,"£177,230.00"
163,2568,418523,43,"£1,840,695.76"
94,1169,109933,36,"£1,219,720.20"
"1,958",1638,3207078,101,"£1,722,835.32"
82,1737,142466,35,"£1,225,311.88"
881,2667,2349781,101,"£2,984,356.40"
504,2312,1165172,86,"£970,550.10"
875,2351,2056795,99,"£586,123.80"
608,2350,1428695,32,"£1,986,209.45"
"1,494",1570,2345966,111,"£430,294.38"
388,1606,623127,35,"£32,431.36"
319,1693,539928,27,"£9,720,631.60"
897,1685,1511417,99,"£7,587,378.18"
144,1603,230826,64,"£3,578,233.10"
9,1449,13041,8,"£948,960.21"
652,21051,13725065,56,"£530,717.56"
507,13863,7028369,55,"£890,304.93"
269,10500,2824633,47,"£1,269,334.99"
220,7402,1628482,57,"£1,067,849.45"
111,4938,548074,38,"£902,420.98"
242,4837,1170618,20,"£1,854,351.48"
268,6774,1815328,15,"£3,787,492.55"
266,4476,1190520,65,"£2,168,814.39"
263,3869,1017426,65,"£2,941,422.37"
404,5683,2296080,21,"£1,103,004.80"
938,5765,5407230,18,"£1,153,097.17"
821,3659,3003761,102,"£604,893.93"
842,3267,2750873,104,"£498,425.70"
284,3330,945725,66,"£766,401.69"
429,2798,1200505,84,"£176,594.93"
197,2400,472790,62,"£33,607.05"
149,2937,437578,45,"£236,535.82"
294,1767,519403,82,"£216,804.71"
86,1732,148958,35,"£89,420.31"
10,1817,18170,5,"£5,200,404.45"
84,1779,149476,40,"£3,124,085.11"
78,1755,136852,34,"£2,571,936.12"
22,1019,22427,15,"£3,656,061.83"
384,21678,8324220,47,"£3,213,907.13"
457,10000,4570117,61,"£2,410,843.09"
542,6556,3553253,59,"£4,524,904.69"
610,7476,4560119,69,"£1,638,497.92"
512,6073,3109252,70,"£3,531,066.50"
521,5133,2674225,66,"£1,364,970.35"
850,5130,4360260,65,"£1,960,575.66"
261,4526,1181298,57,"£1,605,790.68"
818,4137,3384335,80,"£354,806.47"
607,2186,1326660,71,"£1,502,575.72"
614,3497,2147301,62,"£1,612,530.04"
676,2845,1923476,58,"£3,014,097.31"
249,1031,256784,62,"£825,622.08"
148,11938,1766770,54,"£1,998,824.11"
281,6277,1763905,68,"£5,579,433.45"
509,5007,2548569,84,"£1,287,975.21"
229,4646,1063868,52,"£2,500,030.04"
622,3146,1956593,68,"£1,576,727.08"
"2,016",1732,3491847,74,"£729,761.72"
459,4485,2058407,86,"£1,007,591.91"
963,2552,2457559,117,"£473,357.70"
484,2237,1082786,89,"£1,728,928.35"
481,2012,967650,97,"£235,173.95"
936,1144,1070677,114,"£734,062.00"
520,916,476191,82,"£141,215.80"
752,1844,1387036,87,"£46,730.58"
110,3892,428066,28,"£15,641.32"
235,2395,562814,59,"£1,904,562.96"
38,2904,110338,28,"£268,037.65"
52,1214,63147,19,"£726,490.74"
12,1576,18914,10,"£281,384.67"
"1,067",1785,1904319,88,"£2,129,047.37"
211,1685,355625,59,"£1,252,478.15"
541,1295,700640,79,"£106,919.39"
330,1397,460850,66,"£43,146.71"
"1,320",1899,2506066,98,"£10,343.21"
992,1588,1575172,102,"£10,800.96"
162,539,87296,31,"£34,429.44"
70,795,55679,27,"£1,163.96"
62,658,40770,8,£539.47
29,2006,58165,4,"£12,173.95"
19,1764,33522,7,£417.50
2,811,1623,2,"£3,191.28"
7,6035,42246,5,"£1,944,737.16"
33,56208,1854853,6,"£19,701,613.34"
"4,163",9782,40724181,37,"£26,392,450.03"
"3,619",7500,27143009,42,"£24,233,888.61"
"2,546",6506,16565363,40,"£1,265,521.28"
196,6638,1301006,32,"£523,989.50"
65,9017,586076,15,"£124,276.15"
13,6981,90752,13,"£67,605.97"
18,4441,79943,16,"£71,726.63"
39,3845,149936,23,"£68,238.35"
62,3621,224506,37,"£195,433.61"
109,2038,222098,57,"£255,235.30"
204,1475,300825,71,"£180,523.56"
192,557,107009,48,"£271,779.54"
31,9256,286922,20,"£278,428.92"
45,4684,210778,33,"£269,707.61"
52,4311,224162,39,"£44,717.38"
62,3953,245057,29,"£87,091.06"
49,2131,104428,29,"£119,072.72"
93,1569,145947,41,"£207,221.16"
27,13001,351015,22,"£588,305.34"
53,13835,733263,41,"£462,235.11"
42,7888,331276,34,"£247,089.84"
90,7799,701893,46,"£826,193.31"
142,5793,822616,71,"£864,955.12"
185,3372,623861,74,"£489,635.65"
219,4201,920106,64,"£1,906,135.84"
610,2885,1760035,113,"£1,781,752.51"
662,2472,1636517,111,"£1,916,508.78"
674,2299,1549743,115,"£1,052,483.76"
564,1488,839360,95,"£1,175,097.04"
301,4359,1312124,55,"£1,367,442.03"
392,3792,1486539,63,"£1,627,091.28"
595,2616,1556750,70,"£442,741.28"
178,2130,379134,32,"£254,571.38"
40,6997,279870,26,"£137,493.08"
56,3476,194630,20,"£152,203.91"
43,3972,170775,27,"£167,302.96"
49,2654,130049,25,"£581,014.90"
91,5030,457752,26,"£207,932.99"
78,3203,249809,23,"£381,548.60"
141,3351,472547,23,"£721,535.36"
323,2233,721287,46,"£716,815.49"
493,1225,603802,66,"£165,251.61"
61,7366,449323,36,"£491,868.44"
128,3912,500694,49,"£838,747.81"
185,3222,596088,63,"£160,874.28"
75,4727,354551,49,"£696,168.43"
254,3014,765667,78,"£1,479,073.33"
356,2543,905171,91,"£125,815.75"
125,2344,292984,55,"£440,067.36"
385,1484,571390,93,"£814,260.26"
761,1034,787245,102,"£160,727.11"
40,8678,347102,29,"£212,076.64"
66,4430,292396,36,"£718,076.59"
131,3624,474709,53,"£316,622.93"
93,5767,536365,48,"£558,111.01"
167,3254,543444,69,"£1,542,623.39"
445,2889,1285621,97,"£211,790.57"
111,4803,533134,47,"£985,445.47"
433,2926,1266880,94,"£2,251,823.23"
"1,009",1995,2012478,112,"£2,531,750.06"
"1,072",1879,2014007,99,"£529,772.65"
636,1654,1051961,24,"£964,756.01"
970,912,884535,25,"£219,106.10"
425,982,417457,26,"£829,813.73"
"1,414",545,769942,36,"£502,281.70"
108,4261,460140,44,"£449,860.69"
220,2775,610583,70,"£1,260,698.09"
470,1995,937598,97,"£143,304.15"
53,1912,101323,34,"£496,640.04"
405,1230,498298,84,"£863,691.07"
793,1064,843683,110,"£18,009.61"
6,2206,13239,5,"£29,124.86"
17,1726,29344,12,"£22,937.00"
7,2003,14023,4,"£233,066.10"
36,9614,346102,15,"£451,271.80"
84,5211,437760,37,"£180,467.04"
52,3305,171868,28,"£585,006.38"
150,3786,567950,56,"£926,830.77"
372,2437,906698,92,"£818,528.45"
467,1463,683123,90,"£37,458.19"
3,7569,22706,3,"£40,159.78"
4,3361,13444,4,"£33,504.97"
8,2991,23932,5,"£61,592.48"
18,2787,50171,12,"£66,950.58"
15,3189,47829,12,"£37,765.51"
9,10160,91436,9,"£69,395.92"
9,6946,62517,9,"£84,926.69"
33,8776,289607,27,"£173,222.70"
29,3860,111940,24,"£144,357.25"
38,3512,133458,22,"£60,512.97"
94,3590,337458,37,"£232,845.66"
84,2474,207853,48,"£242,960.40"
66,1231,81250,35,"£194,801.30"
35,5051,176797,17,"£149,122.33"
142,3214,456381,35,"£1,332,188.01"
28,3657,102404,16,"£107,725.87"
41,3251,133296,17,"£108,511.69"
119,2500,297530,32,"£290,503.68"
201,1364,274264,35,"£716,306.47"
45,6977,313979,29,"£125,856.07"
44,3686,162182,28,"£108,086.19"
53,3391,179748,41,"£64,432.86"
50,2082,104076,37,"£116,618.96"
28,2033,56924,23,"£98,914.98"
103,1560,160679,57,"£94,305.29"
146,1041,151987,59,"£130,000.46"
178,833,148333,51,"£137,412.11"
21,9853,206908,16,"£160,248.06"
84,3768,316504,27,"£301,858.05"
95,3796,360589,28,"£119,514.45"
425,1651,701665,39,"£406,774.91"
579,1182,684588,51,"£734,785.09"
83,3281,272350,37,"£127,267.16"
209,1567,327464,62,"£272,414.68"
292,889,259620,63,"£364,273.19"
13,856,11133,6,"£5,388.56"
23,348,8009,12,"£21,819.00"
79,5304,419028,28,"£458,478.60"
197,4103,808231,30,"£289,778.82"
206,1792,369189,42,"£400,304.27"
153,1520,232580,37,"£370,422.43"
38,369,14031,9,"£21,017.47"
4,1070,4280,2,"£4,978.55"
4,613,2453,3,"£4,571.31"
2,329,657,1,£200.12
381,1406,535825,57,"£1,796,045.35"
227,2960,671892,36,"£386,184.47"
3,119,358,1,"£8,032.35"
3,813,2439,3,"£1,062.32"
3,1546,4637,1,£518.13
20,656,13120,6,"£8,405,632.93"
"16,241",636,10321667,75,"£228,053.55"
13,26964,350526,9,£329.77
13,1892,24591,2,£144.21
4,1198,4793,2,"£3,612,919.68"
8,489,3913,6,"£3,153,535.43"
17,678,11533,5,"£2,443,558.87"
5,1536,7680,1,"£2,700,755.93"
643,13313,8560081,29,"£3,649,565.86"
391,10122,3957765,31,"£5,174,819.24"
199,8603,1712070,30,"£1,576,726.87"
799,6688,5343415,69,"£291,927.65"
"1,143",5163,5900786,74,"£2,931,698.60"
"1,043",4779,4984981,82,"£5,292,960.64"
210,7309,1534936,27,"£6,102,289.52"
47,9494,446201,16,"£443,453.39"
787,4691,3691728,84,"£69,026.08"
"1,039",3483,3619233,90,"£118,371.70"
"1,100",3113,3424573,96,"£201,529.71"
99,5179,512768,26,"£300,172.33"
47,4516,212239,7,"£334,463.18"
5,7388,36941,5,"£529,641.32"
37,4995,184812,13,"£70,377.78"
63,4900,308704,19,"£250,366.68"
115,3712,426850,28,"£658,564.96"
136,3642,495314,22,"£983,498.67"
58,4389,254548,31,"£579,489.48"
88,3513,309158,37,"£259,262.49"
189,3064,579096,67,"£1,630,280.95"
221,2358,521197,68,"£269,526.42"
711,910,647294,91,"£749,052.76"
144,4850,698396,17,"£541,764.29"
843,2690,2267264,45,"£15,690.69"
140,2256,315863,37,"£920,565.26"
961,1505,1446748,92,"£519,761.04"
225,1474,331736,18,"£356,784.42"
51,902,46013,28,"£150,578.98"
724,1806,1307571,91,"£459,681.23"
109,7300,795718,36,"£1,496,768.85"
120,4311,517315,39,"£1,378,896.22"
75,2525,189399,29,"£1,477,205.27"
298,5096,1518740,62,"£220,361.61"
408,3951,1612168,91,"£326,925.26"
424,3461,1467428,95,"£81,968.33"
492,1883,926635,92,"£66,384.17"
131,1515,198497,41,"£59,658.60"
315,1135,357375,84,"£946,143.42"
55,4640,255192,28,"£2,187,099.76"
27,1201,32428,19,"£2,196,713.03"
36,2921,105138,21,"£1,190,142.44"
385,3999,1539541,46,"£298,070.52"
600,3296,1977590,55,"£564,839.82"
648,2530,1639447,60,"£823,854.68"
379,2039,772944,67,"£1,542,420.46"
222,2624,582618,69,"£1,950,342.84"
391,1785,697970,95,"£67,773.96"
769,1434,1102533,119,"£112,637.64"
"1,209",1165,1408888,130,"£184,458.55"
"1,602",1028,1646105,126,"£221,841.98"
44,2307,101496,28,"£242,277.17"
72,1357,97707,39,"£359,722.72"
126,1248,157302,59,"£119,551.63"
170,1695,288137,72,"£568,879.12"
189,865,163452,71,"£554,194.30"
197,4494,885359,21,"£449,195.34"
59,2747,162082,20,"£482,005.93"
263,2600,683894,67,"£197,760.65"
240,2151,516338,71,"£86,061.49"
218,1739,379090,70,"£259,246.50"
237,1489,352941,72,"£435,504.22"
129,1494,192748,48,"£59,483.77"
118,1306,154126,44,"£93,621.38"
338,1001,338286,86,"£185,775.62"
636,540,343711,89,"£109,482.47"
48,2382,114319,26,"£2,249,885.38"
98,1620,158796,46,"£4,122,521.10"
190,1314,249649,54,"£3,859,940.28"
128,1080,138243,40,"£3,863,446.24"
853,3868,3299343,89,"£1,374,766.59"
"1,565",3029,4741045,112,"£85,042.16"
"1,466",2346,3439779,119,"£99,813.13"
"1,535",1994,3061242,120,"£38,550.04"
629,1664,1046415,104,"£934,009.82"
50,4293,214635,9,"£4,274,215.97"
91,2450,222974,6,"£3,996,313.69"
47,2328,109401,7,"£1,151,091.97"
135,21161,2856741,21,"£6,564,036.84"
544,14385,7825472,30,"£8,025,014.91"
367,10532,3865263,30,"£2,570,824.64"
146,16090,2349068,21,"£4,559,594.32"
673,12938,8707539,28,"£3,155,278.56"
587,10838,6361846,28,"£2,068,334.36"
240,13714,3291244,23,"£4,095,445.68"
403,9875,3979672,26,"£3,428,971.39"
225,9487,2134666,24,"£770,263.98"
246,10641,2617766,25,"£2,611,543.21"
420,8911,3742630,30,"£8,054,457.62"
330,7908,2609492,28,"£2,871,715.26"
180,7184,1293157,19,"£4,573,823.81"
440,5000,2199783,26,"£2,737,408.63"
"1,317",4070,5360366,29,"£2,199,376.92"
754,6065,4572984,39,"£355,617.27"
726,4540,3296174,36,"£85,893.87"
644,4854,3125828,39,"£151,555.97"
452,3876,1752144,38,"£2,636,846.22"
179,1791,320554,26,"£1,185,397.52"
47,1668,78401,10,"£3,406,647.39"
2,58673,117347,2,"£514,412.60"
18,48794,878296,6,"£722,381.36"
17,63418,1078104,6,"£1,698,492.49"
1,149967,149967,1,"£1,399,068.63"
17,56806,965710,8,"£784,619.78"
4,67536,270145,1,"£2,026,655.87"
33,74933,2472783,7,"£2,344,580.75"
27,14694,396730,15,"£1,897,378.35"
206,17277,3559022,23,"£1,350,595.88"
118,14858,1753231,23,"£3,283,635.31"
65,16119,1047731,23,"£4,410,211.71"
77,12921,994911,25,"£5,352,997.48"
115,18081,2079292,23,"£1,758,116.78"
74,14166,1048276,26,"£3,823,601.14"
68,15107,1027245,23,"£1,956,655.38"
102,10274,1047979,28,"£2,358,697.47"
46,23977,1102948,15,"£2,256,559.42"
52,21411,1113357,16,"£3,472,826.48"
49,18096,886695,18,"£7,116,596.49"
366,19774,7237368,27,"£12,245,948.75"
250,15299,3824720,26,"£2,447,491.59"
117,16479,1928000,22,"£5,142,539.37"
161,14061,2263871,26,"£8,815,838.64"
175,18348,3210924,23,"£3,576,308.48"
182,15806,2876754,25,"£10,783,792.81"
119,14215,1691532,23,"£30,249,677.38"
281,15737,4421983,27,"£1,399,528.24"
500,13864,6932176,26,"£2,344,376.64"
541,12840,6946464,26,"£3,788,437.10"
319,17455,5568210,26,"£1,329,421.80"
551,14355,7909469,27,"£4,298,817.41"
533,12705,6771649,27,"£9,558,510.36"
402,14003,5629103,26,"£4,327,355.60"
"1,031",11859,12226989,27,"£14,924,115.32"
"1,603",10923,17509339,27,"£33,464,831.28"
373,16429,6127886,26,"£928,323.56"
511,13677,6988755,28,"£1,958,884.41"
341,12572,4286958,28,"£2,853,723.60"
161,13430,2162223,23,"£314,831.07"
423,11334,4794284,26,"£541,292.93"
458,11090,5079334,26,"£1,455,943.18"
603,11662,7032228,27,"£2,802,773.27"
"1,492",10382,15490195,28,"£35,299,762.16"
"1,866",9832,18345756,29,"£1,540,701.81"
90,11655,1048978,27,"£32,550,571.68"
132,10349,1366111,31,"£169,729.81"
164,8320,1364521,34,"£2,926,665.18"
50,9392,469605,20,"£6,309,163.60"
91,7185,653865,32,"£364,295.55"
184,6035,1110448,41,"£499,333.02"
237,5284,1252394,49,"£317,711.73"
"1,406",3471,4879982,69,"£352,278.38"
170,5337,907286,39,"£1,444,552.99"
"1,489",3182,4737491,69,"£4,859,625.13"
36,7486,269500,18,"£8,608,183.41"
585,4377,2560414,65,"£188,493.13"
"1,027",4346,4463493,73,"£440,353.80"
20,6958,139151,16,"£227,961.61"
55,4566,251109,32,"£450,206.79"
61,4415,269290,28,"£1,536,553.52"
123,3365,413896,52,"£4,006,434.04"
391,3137,1226460,86,"£5,986,596.47"
"1,197",3047,3646774,108,"£720,293.88"
"1,834",2673,4902262,110,"£603,725.33"
11,6238,68613,7,"£302,776.54"
31,5137,159250,15,"£935,747.67"
59,5392,318109,30,"£32,181.87"
104,3044,316529,48,"£171,429.01"
293,3262,955879,65,"£533,973.12"
739,2519,1861624,105,"£87,845.24"
936,2330,2181068,99,"£1,647,739.29"
17,619,10526,12,"£2,923,405.14"
112,2062,230962,44,"£6,319,929.89"
213,2002,426446,48,"£23,891,034.91"
92,929,85502,17,"£543,769.28"
10,12648,126478,6,"£1,286,463.54"
8,10749,85994,7,"£1,688,368.88"
7,68483,479378,5,"£180,482.24"
18,9181,165265,13,"£290,606.03"
33,7286,240424,15,"£1,248,620.89"
144,7252,1044263,33,"£6,994,450.41"
147,3047,447967,49,"£24,190,789.31"
275,2637,725291,63,"£5,861,940.65"
137,12014,1645918,23,"£17,889,833.39"
145,8716,1263753,23,"£869,464.37"
880,8492,7472713,26,"£1,412,249.02"
"1,903",6183,11767168,26,"£134,244.67"
64,9027,577700,19,"£489,566.28"
192,4537,871135,26,"£3,624,315.10"
261,3803,992503,31,"£9,045,988.32"
29,8315,241121,19,"£299,734.05"
53,3544,187829,20,"£813,263.69"
146,3281,478980,37,"£5,049,520.82"
"2,001",4838,9681584,34,"£13,411,217.59"
"3,931",3751,14745402,35,"£828,769.65"
"1,299",3591,4664582,41,"£1,137,042.27"
"2,579",3178,8196895,41,"£1,395,644.31"
260,3067,797320,33,"£955,627.01"
381,2499,952134,34,"£662,325.45"
52,6076,315961,22,"£762,773.15"
216,4524,977213,54,"£2,076,996.65"
989,3637,3597265,75,"£5,475,185.36"
"2,194",2964,6503806,78,"£6,374,037.70"
62,4266,264485,28,"£5,716,558.32"
214,3696,791036,55,"£876,501.88"
"1,402",2889,4050631,77,"£49,447.33"
"3,115",2489,7753260,81,"£538,226.18"
185,4263,788605,55,"£1,405,829.06"
385,2425,933540,63,"£3,797,055.74"
504,2182,1099796,69,"£6,625,471.05"
399,2050,818026,67,"£7,255,856.50"
170,5457,927610,47,"£380,266.94"
260,4354,1131983,64,"£204,729.40"
725,3151,2284758,91,"£114,833.38"
"2,075",2492,5171729,113,"£178,160.56"
"2,572",2094,5385961,112,"£6,435,493.52"
"1,999",1916,3830409,112,"£195,417.90"
14,5152,72134,14,"£161,292.13"
62,5844,362336,32,"£2,337,858.79"
268,4821,1292162,59,"£12,023,769.21"
338,4094,1383680,60,"£9,790,425.84"
606,1805,1093815,71,"£466,628.68"
46,643,29599,13,"£1,081,827.97"
16,8869,141905,15,"£847,762.97"
20,4499,89970,12,"£5,421,625.33"
34,3579,121681,27,"£14,459,143.92"
51,3495,178235,33,"£19,271,849.83"
72,2441,175735,44,"£450,465.74"
102,3369,343640,46,"£1,622,139.36"
169,2590,437781,68,"£130,399.94"
389,1712,666120,94,"£283,131.20"
355,1223,434227,88,"£917,555.22"
28,12309,344649,21,"£1,378,247.73"
51,3647,185983,38,"£49,367.62"
88,6014,529234,56,"£351,227.44"
508,3134,1592141,104,"£631,833.25"
243,3011,731768,66,"£892,038.91"
332,1867,619882,92,"£1,284,841.68"
"1,068",1499,1601376,117,"£2,139,891.04"
"2,289",948,2170560,120,"£954,993.81"
27,6246,168643,24,"£785,370.71"
36,3043,109533,27,"£2,198,945.88"
13,3612,46958,12,"£5,598,243.28"
53,2155,114207,39,"£2,334,411.49"
230,2142,492748,88,"£40,269.40"
40,1718,68728,18,"£160,694.70"
234,1403,328229,69,"£111,712.57"
708,963,682083,111,"£522,791.32"
129,5583,720144,57,"£899,839.85"
205,1422,291509,44,"£1,048,635.36"
61,2162,131887,35,"£292,783.85"
337,2062,694728,81,"£890,486.36"
504,1614,813409,90,"£1,896,779.13"
243,3149,765326,94,"£2,302,454.40"
"1,969",741,1458695,125,"£155,184.87"
85,14330,1218014,46,"£125,694.73"
213,6358,1354163,89,"£155,042.39"
296,5804,1718085,91,"£224,514.07"
612,3760,2301064,120,"£217,077.76"
117,5205,609042,61,"£164,952.30"
549,4184,2296955,118,"£400,010.12"
818,3202,2619177,127,"£569,587.37"
"3,001",3374,10124705,138,"£497,985.84"
169,3878,655423,66,"£388,008.53"
"1,133",2685,3041805,121,"£329,571.40"
"2,723",1733,4718468,133,"£275,947.79"
"6,223",1218,7579700,137,"£1,440,219.64"
110,9650,1061465,61,"£376,236.54"
186,5735,1066668,92,"£570,002.00"
210,4188,879454,87,"£1,186,305.18"
264,6164,1627283,91,"£2,003,949.89"
400,3834,1533689,104,"£95,784.41"
731,3291,2405576,119,"£147,035.45"
382,4176,1595171,90,"£93,857.40"
"1,256",2926,3675132,119,"£95,397.70"
"1,783",2197,3917952,120,"£772,086.18"
"4,498",1907,8578880,133,"£78,768.42"
356,3481,1239069,65,"£249,689.81"
108,3380,365023,50,"£804,779.53"
156,3130,488274,50,"£207,794.68"
176,2587,455295,54,"£77,222.94"
57,3445,196351,19,"£559,327.86"
"1,622",1187,1924977,120,"£328,584.13"
82,2237,183396,20,"£219,793.34"
132,5320,702284,68,"£647,685.27"
359,2820,1012256,100,"£1,003,877.50"
843,2049,1726924,121,"£3,669,970.81"
306,1763,539538,92,"£2,243,160.90"
9,4984,44853,9,"£2,162,019.79"
25,4323,108085,20,"£2,173,960.38"
62,2895,179520,37,"£1,137,931.28"
268,2833,759291,61,"£705,504.73"
"1,603",1177,1887285,118,"£571,855.96"
574,2351,1349533,35,"£132,814.75"
195,1327,258813,58,"£635,358.37"
"1,093",1138,1244364,125,"£130,069.98"
"4,420",725,3205691,131,"£295,149.56"
"2,874",737,2118315,125,"£1,960,186.59"
875,1754,1534804,56,"£2,786,024.62"
723,1731,1251840,52,"£1,810,895.32"
"3,303",812,2682844,127,"£696,751.64"
"3,325",772,2566215,129,"£226,066.89"
"3,884",732,2841548,128,"£1,135,757.91"
680,933,634329,104,"£1,824,806.39"
"1,087",822,893412,117,"£435,643.33"
"2,290",700,1602028,126,"£1,995,790.53"
108,1200,129625,54,"£3,261,806.94"
314,2463,773306,60,"£7,423,583.65"
107,2173,232550,23,"£5,509,974.85"
454,925,419733,90,"£2,323,802.41"
"1,355",925,1253298,110,"£5,056,842.89"
204,892,181929,56,"£9,783,658.50"
40,813,32514,21,"£11,740,620.73"
195,865,168601,60,"£1,115,757.73"
55,741,40778,31,"£1,376,124.35"
671,2778,1864298,33,"£336,923.74"
250,991,247843,32,"£594,915.99"
55,2319,127563,13,"£433,225.41"
268,19261,5161850,53,"£383,864.44"
304,12962,3940551,57,"£2,941,561.60"
724,9807,7100377,84,"£3,177,237.72"
735,11519,8466182,91,"£2,269,295.87"
911,8108,7386503,90,"£1,221,390.04"
"2,248",6033,13562136,118,"£603,125.56"
39,8507,331762,14,"£934,195.96"
77,6596,507862,25,"£2,039,416.00"
62,8107,502631,41,"£895,324.91"
127,5973,758616,62,"£4,925,277.31"
455,5326,2423265,107,"£5,473,300.72"
"1,708",4309,7360250,120,"£9,690,127.04"
249,7378,1837133,24,"£12,674,402.37"
166,4763,790728,28,"£4,384,066.59"
118,7308,862400,19,"£8,521,074.51"
49,4977,243863,17,"£25,581,984.28"
499,623,311126,78,"£74,004,376.05"
"1,278",6336,8097602,42,"£3,965,099.67"
"2,166",5485,11880708,42,"£10,737,704.93"
"2,093",5308,11108745,53,"£29,616,606.71"
557,3801,2117225,55,"£4,100,445.80"
25,2225,55631,11,"£11,381,867.65"
235,17823,4188477,84,"£1,942,114.95"
410,12069,4948180,97,"£3,621,944.97"
376,9361,3519653,98,"£4,105,624.80"
38,21097,801687,16,"£1,068,009.00"
170,13768,2340522,75,"£741,806.77"
306,9100,2784495,98,"£451,273.57"
993,7322,7270409,129,"£445,984.28"
870,6217,5408560,126,"£547,195.21"
291,8697,2530867,101,"£493,279.75"
829,6569,5445754,125,"£1,159,663.15"
"1,886",5420,10221265,131,"£5,226,029.04"
"2,254",4602,10371824,131,"£4,024,864.72"
135,9229,1245957,33,"£7,722,234.17"
162,6429,1041515,40,"£6,917,457.55"
46,10648,489804,18,"£6,146,616.81"
90,7111,640014,21,"£13,076,184.15"
47,6603,310348,20,"£240,228.19"
359,20071,7205347,104,"£535,628.23"
420,15706,6596486,117,"£1,290,554.38"
992,12961,12857702,129,"£834,595.96"
"1,557",10727,16701767,133,"£521,742.37"
372,14651,5450089,111,"£389,068.44"
839,11377,9545011,130,"£436,406.20"
"2,967",9703,28788328,133,"£787,415.84"
"9,087",8367,76035021,133,"£2,212,364.69"
655,9087,5951983,121,"£8,837,564.34"
"1,896",7601,14411431,131,"£14,969,680.66"
"4,653",6823,31748796,131,"£7,466,230.82"
727,7554,5491688,125,"£245,808.15"
"2,228",6204,13823433,129,"£2,085,156.92"
322,6102,1964925,105,"£3,571,353.39"
719,5002,3596643,126,"£7,252,593.72"
796,4415,3514736,119,"£2,272,186.79"
140,10614,1485944,35,"£649,141.34"
74,8224,608590,29,"£822,106.14"
96,10777,1034570,19,"£1,402,367.15"
62,9203,570590,20,"£1,185,567.77"
"1,466",1936,2838211,130,"£1,214,943.98"
30,8774,263210,22,"£1,244,029.58"
86,3959,340486,56,"£2,796,440.46"
399,3491,1392910,105,"£581,771.68"
554,3029,1677928,119,"£1,863,227.97"
22,5554,122187,14,"£2,861,788.59"
91,3668,333761,35,"£11,021,643.33"
164,3357,550615,57,"£733,355.76"
449,3018,1354861,116,"£2,652,225.90"
808,2320,1874925,114,"£4,713,957.62"
184,4744,872969,56,"£7,690,280.41"
356,3444,1225917,107,"£860,179.00"
"1,088",1916,2084944,124,"£1,183,464.79"
"2,747",1678,4609324,130,"£1,041,376.15"
329,2544,837116,82,"£1,533,433.93"
991,1564,1550137,126,"£1,621,587.13"
318,1390,442117,100,"£2,727,786.65"
48,3195,153356,14,"£1,308,399.37"
27,2019,54526,14,"£3,880,888.05"
69,17915,1236105,45,"£4,511,859.84"
107,8776,939015,62,"£10,049,723.24"
216,7083,1529997,70,"£1,702,163.04"
61,11864,723702,41,"£1,119,368.46"
179,8777,1571156,76,"£197,751.31"
625,6411,4006849,122,"£51,527.15"
"1,413",5172,7307423,132,"£260,639.67"
"1,471",4213,6197310,124,"£154,598.24"
55,10367,570189,17,"£674,031.29"
34,5559,189016,22,"£398,625.21"
20,9603,192065,11,"£141,433.10"
20,5561,111215,10,"£225,861.87"
225,5088,1144907,101,"£457,197.86"
401,3610,1447447,116,"£1,003,296.81"
426,2839,1209472,118,"£4,350,481.61"
57,5195,296136,27,"£6,036,275.89"
"3,674",1332,4895369,133,"£5,602,624.13"
51,2162,110251,29,"£6,947,241.01"
410,7506,3077352,114,"£2,823,914.79"
732,5822,4261907,127,"£5,934,142.49"
"1,703",4826,8218927,135,"£4,834,223.76"
647,4208,2722823,128,"£10,139,443.18"
520,5878,3056589,114,"£2,068,701.65"
"2,587",4246,10984728,134,"£2,009,021.97"
"2,057",3812,7842000,133,"£2,199,863.71"
65,2789,181274,22,"£3,386,980.26"
366,3604,1319133,116,"£3,553,607.22"
"2,233",2940,6564761,129,"£952,411.33"
"5,190",2761,14327016,131,"£3,360,032.36"
"6,308",2692,16983742,130,"£22,231,314.02"
216,2178,470460,58,"£38,778,646.49"
479,2668,1277793,32,"£1,990,717.78"
222,2031,450978,50,"£2,973,565.54"
739,2225,1643982,40,"£3,325,667.67"
260,26556,6904574,90,"£362,160.39"
337,15160,5108809,89,"£772,418.65"
14,25751,360508,10,"£865,670.09"
509,17529,8922121,28,"£598,317.87"
420,12643,5309954,29,"£373,979.23"
609,11465,6981911,27,"£954,253.30"
313,12330,3859152,32,"£1,096,765.93"
639,8972,5733393,42,"£791,660.71"
689,9413,6485826,82,"£877,943.69"
"1,619",7237,11717115,87,"£2,326,158.34"
325,7703,2503367,98,"£4,569,170.39"
330,5672,1871692,97,"£570,431.70"
381,6288,2395773,105,"£783,906.23"
774,5156,3991031,124,"£713,381.70"
759,4582,3477871,121,"£66,391.02"
232,4485,1040520,67,"£683,990.51"
"1,237",4404,5447782,128,"£189,964.92"
"7,601",3405,25878699,130,"£200,587.48"
"10,699",3160,33806945,130,"£137,612.97"
325,6844,2224193,93,"£201,809.03"
409,5288,2162716,101,"£77,364.87"
436,4273,1862815,101,"£56,001.34"
13,12851,167069,11,"£767,908.38"
247,3393,838135,66,"£488,018.16"
182,3212,584578,61,"£547,712.99"
7,43387,303712,5,"£389,134.74"
220,17552,3861513,6,"£1,023,944.36"
12,34748,416982,3,"£1,881,151.33"
13,31292,406794,3,"£3,088,507.44"
10,14196,141965,2,"£1,936,962.37"
136,3777,513727,58,"£697,052.32"
361,2702,975456,92,"£932,364.91"
540,2009,1085094,89,"£634,142.31"
322,3499,1126646,92,"£491,393.18"
437,2126,929088,98,"£1,350,799.81"
"1,135",1890,2144844,120,"£1,712,615.43"
"1,895",1730,3278932,117,"£1,195,658.66"
174,5738,998384,57,"£1,650,242.06"
323,3047,984103,70,"£3,316,738.35"
316,2579,815043,70,"£3,449,750.08"
47,1514,71166,28,"£20,386.45"
404,1515,611974,91,"£87,766.07"
249,1204,299759,38,"£53,774.09"
254,1053,267453,38,"£310,943.02"
22,7571,166563,18,"£251,377.34"
66,2794,184377,32,"£76,732.49"
55,2810,154577,24,"£103,955.74"
57,1905,108586,26,"£190,645.97"
122,6269,764859,59,"£15,240.11"
128,5063,648018,57,"£564,171.01"
151,3520,531482,55,"£475,344.29"
123,3022,371685,49,"£429,633.51"
468,3124,1461913,81,"£308,747.67"
"1,176",2030,2387211,102,"£716,457.00"
"1,940",1531,2969203,102,"£105,576.51"
"1,006",1879,1890623,68,"£241,795.19"
71,7785,552738,35,"£1,134,907.23"
138,5323,734585,58,"£4,093,462.78"
94,3492,328228,44,"£1,838,905.45"
128,4635,593254,50,"£402,701.20"
405,3407,1379702,92,"£521,218.22"
480,2930,1406287,104,"£579,711.12"
493,2868,1413721,82,"£949,371.92"
916,2059,1885906,110,"£97,788.36"
"2,414",1419,3424811,125,"£138,474.70"
"3,255",1090,3547564,128,"£324,147.29"
14,2733,38267,8,"£134,533.61"
64,915,58570,37,"£224,000.96"
8,8486,67885,8,"£267,943.23"
35,5495,192322,16,"£4,398.25"
38,3121,118582,20,"£102,814.57"
44,2448,107721,26,"£171,843.65"
25,1959,48964,13,"£101,162.41"
23,12501,287514,12,"£329,005.64"
5,1924,9622,2,"£30,845.18"
117,4269,499504,33,"£93,184.51"
148,2301,340568,39,"£650,953.36"
100,2394,239437,32,"£690,756.72"
49,5764,282420,32,"£773,461.51"
117,2881,337087,57,"£1,078,399.75"
24,3498,83952,17,"£3,312,855.48"
103,2368,243911,41,"£5,850,374.19"
369,2220,819217,83,"£2,929,622.81"
"1,139",1860,2118315,112,"£17,146,534.34"
167,13684,2285301,35,"£831,402.70"
63,12504,787732,29,"£1,135,230.65"
95,8870,842685,34,"£1,403,807.01"
157,5677,891260,44,"£2,427,280.32"
254,5783,1468879,53,"£2,155,974.46"
52,2372,123330,23,"£3,073,195.49"
95,1903,180765,33,"£5,741,287.59"
55,4387,241279,14,"£3,627,387.36"
56,3812,213488,19,"£4,601,200.33"
14,12894,180519,12,"£10,792,177.97"
31,8158,252904,23,"£2,377,466.56"
7,7937,55556,6,"£4,504,940.28"
22,3161,69549,10,"£12,721,385.04"
40,1847,73886,18,"£3,054,163.24"
57,1418,80844,24,"£4,719,333.87"
77,2405,185153,40,"£9,722,711.52"
17,1583,26906,12,"£3,401,164.09"
49,1578,77335,29,"£6,796,452.17"
267,1393,372010,79,"£14,229,851.61"
56,27601,1545677,20,"£3,594,843.49"
29,30912,896440,6,"£7,505,688.95"
30,37941,1138234,11,"£17,404,626.14"
89,23371,2080008,24,"£4,287,951.49"
252,18276,4605542,27,"£10,912,596.39"
192,22323,4286006,20,"£34,435,273.46"
"1,112",17735,19721550,28,"£723,561.32"
36,29641,1067064,18,"£2,070,711.72"
78,16727,1304743,31,"£3,169,281.14"
128,13912,1780748,36,"£2,539,093.92"
117,12993,1520197,43,"£558,864.17"
194,18685,3624930,49,"£253,711.83"
243,14254,3463651,53,"£212,945.05"
340,12782,4345784,60,"£124,297.53"
329,14654,4821162,51,"£197,406.05"
553,11109,6143458,62,"£502,351.71"
984,10628,10457562,63,"£883,859.55"
285,14519,4137971,58,"£1,357,908.24"
494,9735,4808856,64,"£291,997.67"
"1,014",9244,9373783,74,"£366,069.38"
306,11401,3488800,56,"£449,993.59"
561,8692,4876349,63,"£921,533.82"
999,7554,7546650,67,"£1,271,045.34"
575,8567,4926136,67,"£1,715,656.24"
"1,097",6938,7611527,75,"£940,983.10"
"1,877",6394,12001047,76,"£2,348,469.45"
"1,080",6835,7381752,69,"£3,310,966.40"
"2,269",5647,12813885,73,"£5,374,833.28"
"3,784",5010,18958790,80,"£4,553,770.74"
955,5952,5684585,70,"£299,382.07"
"2,102",5022,10556257,75,"£633,117.30"
"5,177",4313,22327225,77,"£761,125.71"
241,2713,653801,57,"£771,101.43"
450,8871,3991910,57,"£487,800.85"
453,7678,3478142,60,"£44,412.01"
536,7042,3774744,42,"£139,458.79"
638,815,519811,73,"£420,648.59"
127,1327,168475,48,"£887,895.43"
97,1545,149900,33,"£131,517.61"
87,4082,355126,38,"£92,987.47"
131,2480,324891,61,"£86,873.81"
279,1835,512085,92,"£186,708.61"
569,1457,829113,110,"£95,109.45"
987,1109,1094201,114,"£571,516.38"
125,4852,606445,43,"£1,255,712.79"
149,3811,567774,52,"£1,520,516.15"
190,2854,542179,57,"£3,038,827.32"
307,1910,586477,79,"£1,793,913.98"
554,1621,897884,92,"£91,871.71"
"1,153",1187,1368423,98,"£80,934.86"
458,3573,1636231,92,"£166,545.32"
969,2826,2738331,120,"£90,981.34"
"1,163",2577,2996527,126,"£64,202.26"
"1,529",2412,3687194,130,"£372,698.99"
882,2199,1939119,116,"£856,698.78"
174,4636,806674,62,"£1,283,734.47"
133,4394,584372,53,"£98,639.28"
173,4043,699470,62,"£109,597.36"
139,3240,450315,57,"£16,848.07"
107,1943,207953,39,"£37,465.45"
36,3253,117123,24,"£55,954.23"
69,2694,185884,41,"£56,403.45"
194,2300,446130,79,"£29,844.29"
262,2065,541140,85,"£53,739.32"
32,5578,178501,23,"£172,207.05"
20,2095,41898,11,"£79,996.76"
26,2373,61699,20,"£162,480.13"
58,1608,93256,34,"£306,731.57"
31,1554,48178,25,"£32,996.78"
181,6750,1221723,57,"£92,031.83"
395,3605,1424078,79,"£140,282.90"
550,2801,1540430,91,£927.43
884,2515,2223215,81,"£23,378.34"
543,2395,1300442,66,"£156,513.79"
2,5291,10581,2,"£6,216.53"
1,2521,2521,1,"£21,267.77"
4,5577,22309,3,"£55,959.52"
7,9734,68141,7,"£90,316.59"
23,3256,74882,7,"£43,550.35"
44,2965,130454,19,"£10,530.19"
79,3317,262042,40,"£216,221.95"
96,3366,323090,46,"£37,232.93"
18,3830,68940,15,"£44,715.91"
24,3336,80066,17,"£71,123.95"
10,2601,26008,6,"£273,024.07"
9,3066,27597,7,"£35,608.95"
40,1422,56886,31,"£104,332.06"
2,6102,12204,2,"£11,013.33"
2,7394,14788,2,"£5,574.54"
4,6556,26226,4,"£21,390.68"
14,4752,66524,13,"£39,078.70"
56,3191,178693,20,"£7,755.10"
45,3391,152598,29,"£23,902.71"
196,1780,348940,68,"£120,639.76"
5,4937,24684,5,"£105,755.93"
21,3718,78082,12,"£501,383.60"
27,4002,108052,21,"£7,549.93"
3,3048,9143,3,"£16,020.18"
10,3847,38466,10,"£92,628.07"
34,3380,114929,30,"£31,559.22"
3,2573,7720,3,"£24,688.97"
12,1054,12647,8,"£207,681.04"
30,1162,34846,22,"£32,295.45"
96,1128,108247,49,"£112,925.00"
4,8023,32093,4,"£106,804.23"
5,12569,62843,5,"£289,285.38"
6,3875,23249,6,"£829,604.97"
5,9018,45090,4,"£51,079.98"
16,3235,51758,13,"£181,586.32"
25,2089,52236,20,"£4,904.69"
171,1532,261985,65,"£20,043.42"
16,4270,68318,15,"£32,809.81"
39,3141,122484,26,"£85,373.35"
3,1050,3151,3,"£10,229.69"
8,390,3119,6,"£8,706.93"
27,948,25590,22,"£12,700.91"
17,2252,38279,13,"£24,354.51"
10,947,9469,7,"£69,497.39"
13,821,10667,11,"£1,607.90"
61,826,50360,35,"£12,862.04"
19,2885,54812,15,"£1,596.48"
166,2123,352389,50,"£11,107.37"
5,1179,5897,3,"£842,478.99"
16,846,13539,12,"£1,028,924.67"
110,696,76568,37,"£1,253,992.55"
1,2093,2093,1,"£366,769.46"
5,2602,13010,4,"£663,046.58"
18,3309,59558,16,"£1,063,433.10"
17,4542,77209,12,"£1,327,318.20"
22,1859,40896,14,"£7,187.76"
40,2416,96654,23,"£42,372.10"
114,1666,189967,58,"£47,493.59"
452,1462,660872,92,"£2,994,642.50"
22,4202,92441,19,"£5,190,077.99"
50,3201,160075,31,"£13,866,560.47"
5,1850,9248,3,"£37,509,921.54"
7,649,4542,5,"£94,931,501.38"
14,1234,17273,13,"£157,579,180.76"
66,1036,68361,34,"£217,708.52"
5,5248,26241,4,"£588,716.51"
6,5264,31587,4,"£908,059.99"
10,1974,19737,5,"£1,876,576.85"
21,1435,30145,12,"£1,797,151.94"
19,3039,57750,15,"£4,666,001.18"
1,2326,2326,1,"£1,591,088.41"
8,1523,12184,5,"£3,100,310.20"
10,1412,14121,9,"£959,163.48"
11,903,9928,7,"£836,504.41"
135,6828,921825,54,"£1,875,742.99"
180,5536,996566,76,"£2,628,636.58"
252,3953,996090,73,"£5,378,995.65"
91,3327,302770,43,"£825,791.48"
152,3318,504383,66,"£2,292,575.09"
261,2983,778601,100,"£705,609.81"
329,3005,988711,93,"£2,003,608.31"
9,5106,45958,4,"£471,825.20"
6,2168,13006,3,"£584,141.35"
10,2197,21969,6,"£26,285.72"
470,10412,4893562,109,"£78,347.95"
922,8416,7759102,122,"£8,414,291.20"
"2,581",7618,19662447,132,"£16,449,065.72"
"6,574",7052,46359483,133,"£47,090,423.73"
"15,836",6519,103231628,134,"£124,190,853.38"
"23,280",6040,140604822,134,"£168,874,369.80"
18,18480,332643,14,"£1,896,106.71"
90,12287,1105867,52,"£4,221,378.25"
144,10044,1446348,60,"£26,246,051.90"
311,9281,2886422,90,"£1,707,496.89"
353,6095,2151501,88,"£6,051,146.87"
640,5576,3568899,94,"£2,005,510.91"
251,7578,1902123,45,"£3,850,010.54"
378,6645,2511959,62,"£16,341,229.38"
116,10063,1167366,61,"£904,716.07"
176,8139,1432425,84,"£3,761,294.94"
488,5418,2644133,111,"£526,061.36"
507,4268,2164039,113,"£3,583,411.50"
921,4007,3690489,127,"£662,724.67"
187,4782,894179,39,"£141,698.53"
405,4237,1715938,77,"£29,739.09"
161,4186,673990,39,"£13,654.29"
746,2331,1738566,105,"£2,289,114.82"
160,2755,440724,47,"£5,383,091.23"
466,947,441249,85,"£15,544,110.05"
32,1940,62091,17,"£2,649,523.89"
36,1326,47734,12,"£6,201,961.52"
"1,522",9145,13919256,122,"£17,599,807.62"
"3,124",7502,23435871,130,"£2,254,007.39"
"8,327",6841,56968987,132,"£1,756,088.44"
"20,743",6334,131381869,134,"£3,099,486.38"
"24,582",5882,144588288,138,"£10,082,025.59"
481,8449,4063793,113,"£2,129,171.41"
"1,050",5549,5826783,130,"£2,964,795.18"
"5,684",4274,24294429,132,"£383,548.79"
362,5291,1915210,74,"£236,876.68"
"1,241",4600,5709106,127,"£1,274,916.39"
377,4270,1609918,109,"£3,269,493.06"
978,3420,3344309,129,"£1,913,850.34"
"3,945",2987,11784421,134,"£5,549,478.33"
240,4231,1015436,57,"£930,046.32"
898,3647,3274665,112,"£2,049,173.05"
84,3590,301549,33,"£4,618,836.42"
"1,516",2135,3236578,127,"£988,926.02"
279,2724,760029,69,"£401,479.85"
159,900,143026,51,"£2,583,370.05"
84,575,48299,16,"£182,909.55"
14,1137,15916,8,"£105,855.26"
525,7313,3839076,117,"£74,222.83"
"1,296",5917,7668362,127,"£6,156,426.01"
"3,421",5110,17480845,135,"£11,719,812.23"
726,6034,4380880,122,"£19,889,070.96"
"1,597",4984,7959468,130,"£1,504,772.56"
"4,007",4404,17647814,131,"£4,586,898.18"
748,4037,3019696,91,"£17,631,320.57"
588,4261,2505256,121,"£937,791.59"
968,3307,3201640,127,"£2,243,152.61"
"2,511",3020,7584178,136,"£7,686,269.07"
747,3021,2256934,104,"£434,478.48"
852,2250,1916604,123,"£2,976,241.41"
177,2457,434873,56,"£75,973.49"
553,418,231114,59,"£1,565,876.55"
335,5130,1718440,98,"£2,281,577.91"
664,4534,3010683,112,"£818,110.91"
566,4004,2266368,117,"£2,477,186.07"
"1,272",3610,4592504,128,"£827,688.96"
191,4265,814576,58,"£2,164,439.17"
659,2965,1953849,114,"£1,498,058.90"
"1,213",2713,3290725,125,"£456,021.12"
212,2665,565049,78,"£1,364,827.55"
77,2410,185564,37,"£59,160.43"
"1,056",1741,1839008,122,"£1,697,439.24"
66,2137,141032,35,"£3,524,280.78"
39,1873,73048,25,"£8,103,257.38"
93,688,63939,34,"£8,990,262.27"
"1,310",7410,9707173,129,"£2,675,571.68"
"2,212",6442,14250165,134,"£7,428,933.03"
"3,341",5932,19817167,133,"£14,321,434.51"
488,5643,2754017,119,"£34,482,329.16"
"1,106",4285,4738956,127,"£48,398,171.06"
"3,269",3997,13067590,135,"£990,884.96"
230,3498,804499,95,"£4,782,551.06"
509,3389,1724913,115,"£6,116,096.12"
"1,388",3273,4542769,126,"£1,952,695.19"
145,3950,572692,50,"£34,868.03"
556,2599,1445229,116,"£120,314.62"
58,1328,76998,34,"£401,661.50"
223,8472,1889218,78,"£518,376.03"
337,6251,2106563,89,"£707,171.77"
184,6323,1163405,76,"£31,509.34"
508,4480,2276063,108,"£206,695.69"
318,3906,1242037,109,"£247,668.02"
535,3339,1786478,110,"£441,694.32"
327,2314,756612,90,"£939,747.29"
108,1571,169673,47,"£26,525.20"
577,2255,1301314,118,"£156,148.28"
55,514,28290,15,"£569,251.58"
87,21078,1833754,47,"£128,624.28"
210,18665,3919664,64,"£55,147.12"
517,14735,7617752,101,"£113,515.94"
547,12144,6642987,109,"£1,038,295.75"
229,17187,3935868,93,"£202,049.33"
738,11749,8670878,123,"£278,010.10"
"1,408",10384,14621004,130,"£707,885.59"
"3,092",9499,29371565,135,"£3,562,320.90"
"3,884",8575,33305514,137,"£1,126,638.27"
124,11200,1388789,42,"£305,711.69"
689,8019,5525184,120,"£419,645.67"
807,6661,5375830,122,"£1,913,239.87"
424,19634,8324851,23,"£520,308.01"
774,4100,3173026,123,"£380,389.46"
7,10389,72721,5,"£100,439.97"
11,7465,82116,10,"£170,663.87"
22,9157,201454,20,"£1,573,903.30"
41,9367,384037,32,"£285,739.49"
97,6938,672970,57,"£796,139.79"
2,17469,34938,2,"£1,180,535.19"
6,6219,37315,5,"£4,769,330.97"
11,7592,83507,11,"£699,340.77"
21,5391,113215,15,"£60,278.11"
137,5986,820030,77,"£190,195.11"
26,5528,143723,24,"£370,653.14"
60,3715,222920,42,"£1,578,598.34"
211,3758,792834,83,"£347,739.45"
48,2891,138784,34,"£167,276.50"
8,9080,72640,8,"£657,951.62"
20,8314,166287,17,"£2,586,585.59"
297,5541,1645778,81,"£264,085.54"
29,6249,181221,23,"£1,414,543.68"
105,5301,556575,64,"£11,726,634.67"
235,4850,1139709,78,"£1,281,005.46"
981,4427,4342554,125,"£90,933.65"
292,4493,1311984,98,"£97,086.68"
72,5584,402073,50,"£289,986.11"
91,4041,367767,50,"£3,781,590.81"
349,3493,1219101,96,"£1,280,202.00"
139,3695,513592,73,"£122,690.30"
60,3113,186797,44,"£434,813.34"
28,6621,185384,22,"£325,677.98"
79,4365,344841,47,"£928,164.96"
626,4422,2768243,101,"£2,186,748.88"
48,7973,382703,33,"£375,156.93"
157,4342,681617,71,"£1,338,690.64"
418,4203,1756774,99,"£1,986,225.14"
"1,223",3905,4775873,119,"£6,114,187.64"
205,3450,707161,88,"£506,325.10"
30,4034,121021,23,"£81,344.49"
96,3437,329925,52,"£191,036.23"
188,3420,642872,81,"£440,704.74"
658,3276,2155781,116,"£1,606,151.42"
135,3351,452419,79,"£429,613.10"
87,2554,222206,53,"£543,615.06"
182,3515,639714,70,"£1,602,025.03"
788,3525,2777508,112,"£192,868.34"
116,3589,416301,63,"£592,555.75"
419,3220,1349182,102,"£908,654.94"
"2,876",3000,8626927,126,"£3,088,024.36"
427,2653,1132991,96,"£1,030,087.40"
25,2036,50900,19,"£228,908.76"
33,2637,87007,27,"£367,614.73"
110,2901,319081,55,"£729,542.23"
"1,072",2325,2492668,112,"£587,421.81"
515,1773,912993,100,"£253,534.64"
50,1564,78213,35,"£171,366.96"
117,2066,241728,47,"£57,215.41"
101,7525,760063,58,"£92,691.63"
186,6942,1291244,83,"£450,270.39"
496,5462,2709138,114,"£733,511.37"
98,5412,530351,64,"£177,717.28"
289,5383,1555725,99,"£265,674.06"
448,4569,2046899,112,"£471,318.47"
"1,392",4266,5938251,122,"£202,553.73"
127,3856,489734,68,"£137,921.60"
17,4700,79906,15,"£227,191.21"
74,3774,279239,52,"£334,839.22"
125,3812,476484,68,"£180,103.69"
419,3621,1517104,105,"£354,394.80"
102,3410,347847,57,"£463,026.79"
100,6536,653558,63,"£720,518.31"
405,5097,2064310,99,"£144,701.56"
45,4829,217322,29,"£7,985.47"
181,4492,812995,89,"£72,535.59"
248,4611,1143474,90,"£4,191,404.74"
733,4064,2978944,114,"£14,264,994.41"
287,3509,1006953,89,"£44,254,610.50"
88,3465,304896,50,"£9,815,447.90"
102,3686,376005,60,"£9,968,616.62"
203,3254,660640,80,"£4,695,064.09"
203,2195,445677,67,"£1,229,357.41"
105,1812,190227,50,"£14,713,807.64"
40,2590,103610,31,"£7,588,544.21"
4,10726,42904,4,"£7,260,981.45"
7,16655,116582,7,"£2,195,468.03"
15,14425,216377,14,"£7,927,895.83"
57,8724,497295,43,"£4,539,826.24"
24,6953,166877,21,"£3,138,012.06"
45,6189,278498,31,"£7,733,969.89"
140,5195,727325,62,"£8,145,793.31"
36,7276,261953,26,"£1,938,361.64"
56,3188,178523,33,"£1,415,028.69"
46,3734,171779,30,"£1,367,948.63"
114,4157,473927,48,"£667,625.38"
129,2392,308548,56,"£690,894.10"
203,1757,356694,71,"£2,735,146.32"
339,1256,425919,85,"£43,046.81"
469,1247,584816,91,"£142,488.25"
42,3743,157189,32,"£165,542.14"
25,1270,31757,19,"£68,856.73"
77,1165,89686,41,"£41,507.85"
"1,920",4037,7750870,125,"£2,395,263.07"
"4,664",3733,17411849,126,"£772,042.36"
"9,869",3554,35069738,127,"£287,159.68"
"2,490",4769,11874227,128,"£229,831.98"
"1,765",4268,7532952,113,"£313,184.30"
649,6772,4395046,101,"£810,808.41"
198,6631,1312848,71,"£2,086,705.56"
"2,568",6391,16413326,121,"£19,254,474.26"
"1,003",7704,7727609,107,"£14,546,367.07"
716,11366,8138104,42,"£1,547,549.91"
258,12385,3195454,31,"£4,001,120.28"
855,12484,10673608,42,"£777,909.82"
412,13908,5730167,33,£388.57
899,4827,4339171,122,£256.00
"1,577",4422,6974165,124,£944.50
"1,257",4340,5454851,120,£183.20
317,6102,1934465,105,"£13,168.43"
473,4771,2256487,76,"£1,413,985.58"
385,5507,2120137,69,"£2,094,045.49"
250,2835,708824,79,"£3,918,054.29"
351,2615,917705,110,"£10,233,321.20"
856,2247,1923721,113,"£30,381.72"
15,5641,84614,10,"£657,212.10"
101,2645,267144,46,"£692,125.66"
3,21334,64002,1,"£1,644,174.73"
10,8566,85658,3,"£2,712,634.94"
1,60291,60291,1,"£1,655,249.56"
9,16749,150741,3,"£4,455,777.48"
6,23693,142160,3,"£5,082,280.16"
11,14270,156965,5,"£2,068,881.66"
12,14901,178818,2,"£2,408,910.84"
13,23954,311397,5,"£216,433.83"
30,13313,399384,7,"£116,112.18"
28,9281,259878,7,"£387,357.86"
50,8186,409280,12,"£775,791.93"
36,3317,119396,6,"£3,350,652.32"
73,5712,416973,11,"£144,289.95"
45,2677,120478,13,"£80,889.73"
109,5170,563565,18,"£252,513.71"
64,1825,116809,15,"£195,786.88"
21,2622,55062,11,"£215,397.55"
19,1722,32712,8,"£449,070.94"
6,2068,12410,5,"£1,397,648.60"
1,118611,118611,1,"£4,723,780.69"
3,665,1996,1,"£28,054,256.94"
9,4344,39092,4,"£36,467.34"
11,6585,72430,5,"£26,072.65"
9,6223,56006,3,"£26,095.28"
38,1837,69793,4,"£15,741.55"
52,4751,247033,9,"£124,089.65"
134,1473,197370,13,"£117,662.80"
63,933,58788,6,"£115,532.34"
16,681,10902,6,"£75,935.67"
29,3416,99053,11,"£498,371.43"
20,2196,43921,8,"£407,639.12"
4,2509,10037,1,"£221,721.37"
2,2636,5272,1,"£47,822.21"
4,1560,6242,4,"£396,783.58"
1,1707,1707,1,"£873,817.86"
2,1235,2470,1,"£407,505.27"
7,1340,9383,6,"£109,793.40"
155,9254,1434367,39,"£434,419.37"
"2,178",6320,13764132,95,"£477,908.31"
"5,760",1864,10734674,137,"£637,156.16"
881,1877,1654009,101,"£420,605.36"
"2,662",1115,2968470,120,"£180,814.31"
772,1175,907197,88,"£826,030.65"
8,158,1262,1,"£28,998.67"
3,284,851,3,"£1,786,039.45"
2,789,1578,2,"£228,860.82"
30,688,20635,19,"£10,464,174.59"
136,10011,1361471,61,"£1,081,181.21"
299,5473,1636318,93,"£61,393.57"
816,4579,3736148,118,"£54,968.39"
"2,424",2935,7115098,134,"£357,587.98"
23,5083,116899,13,"£452,103.24"
153,3835,586812,55,"£548,046.47"
303,3147,953605,84,"£67,529.03"
647,2373,1535326,110,"£544,302.79"
"1,316",1614,2123914,122,"£1,039,515.95"
"1,332",1028,1369199,115,"£796,842.38"
"1,820",3470,6316292,106,"£551,757.53"
"1,663",3169,5269929,109,"£1,622,166.13"
433,6645,2877210,78,"£296,962.68"
437,5387,2353955,67,"£696,386.94"
82,4682,383946,24,"£687,846.30"
74,3070,227210,25,"£90,573.24"
245,3265,799834,55,"£536,327.00"
448,2073,928562,64,"£1,064,512.47"
"1,602",1917,3070325,70,"£1,066,536.30"
67,2471,165564,26,"£983,325.05"
62,1275,79022,32,"£1,445,466.06"
199,1032,205462,59,"£2,384,103.30"
103,2728,281021,34,"£202,504.24"
126,1323,166737,41,"£357,542.31"
219,1508,330217,69,"£564,912.32"
519,5201,2699318,106,"£631,974.50"
"1,711",4351,7444507,120,"£1,744,276.34"
"7,616",3935,29969000,125,"£572,025.44"
25,2835,70875,15,"£1,470,862.18"
35,1306,45716,20,"£3,381,599.84"
19,2017,38320,12,"£107,607.84"
13,1843,23959,9,"£158,365.97"
59,3324,196121,33,"£448,024.69"
76,1075,81678,37,"£1,121,481.27"
102,1005,102464,44,"£8,190.75"
65,869,56512,30,"£1,325.00"
250,4340,1085005,55,"£628,256.30"
174,2371,412509,64,"£689,596.68"
125,1666,208283,49,"£845,316.03"
11,3742,41157,8,"£1,471,963.89"
328,3021,990775,79,"£1,406,471.49"
847,706,598404,81,"£209,100.59"
119,5778,687557,62,"£1,219,143.74"
17,3939,66955,13,"£1,473,642.56"
293,2766,810484,74,"£2,039,649.60"
330,1958,646162,89,"£3,462,898.73"
544,1198,651664,106,"£445,279.32"
375,872,327115,88,"£10,826,072.22"
252,637,160546,64,"£638,505.44"
98,13063,1280160,12,"£2,524,934.35"
4,22345,89379,4,"£1,295,628.70"
135,13686,1847563,12,"£846,161.95"
15,15178,227675,6,"£2,136,844.73"
635,12198,7745594,19,"£3,002,842.57"
60,18988,1139257,12,"£16,706,078.23"
15,9198,137970,8,"£22,829,455.80"
18,6368,114622,16,"£15,778,379.39"
42,6477,272054,34,"£150,351.97"
71,5274,374422,43,"£2,989,417.59"
93,3297,306617,55,"£93,030.11"
15,4404,66055,8,"£425,577.95"
116,4387,508871,55,"£511,348.00"
294,2489,731839,87,"£22,007.42"
312,1379,430388,93,"£42,317.76"
359,1222,438651,87,"£69,316.08"
757,1824,1380803,56,"£99,991.21"
41,9190,376775,28,"£489,757.26"
95,5820,552937,44,"£642,421.96"
216,3879,837958,60,"£1,092,105.37"
50,5638,281879,30,"£2,118,961.65"
227,3285,745657,65,"£184,096.15"
527,1880,990529,106,"£164,093.18"
673,1477,993943,104,"£127,559.93"
163,6427,1047674,50,"£330,591.53"
336,4318,1450887,66,"£395,959.84"
491,3634,1784361,71,"£47,138.91"
129,3406,439362,23,"£82,675.34"
199,2596,516650,34,"£39,325.22"
414,1914,792553,53,"£1,965,305.17"
544,1728,939979,60,"£5,587,380.25"
"1,282",1338,1715255,72,"£4,684,230.39"
167,6776,1131524,77,"£2,537,911.07"
428,3844,1645303,104,"£10,407,749.80"
851,3201,2724126,120,"£36,619,290.43"
46,2962,136250,23,"£1,411,603.95"
90,2328,209520,42,"£3,254,166.34"
340,1411,479635,84,"£245,355.95"
"1,615",824,1330175,113,"£565,343.52"
1,235,235,1,"£67,418.11"
1,194,194,1,"£110,676.75"
1,872,872,1,"£380,106.28"
122,8414,1026477,66,"£4,435,604.73"
213,3512,748001,80,"£2,236,876.04"
269,3121,839544,98,"£1,759,884.81"
343,2853,978587,96,"£173,922.73"
353,3091,1091189,93,"£442,303.48"
46,5247,241383,31,"£386,111.84"
390,3314,1292576,76,"£153,936.46"
858,1694,1453334,99,"£561,741.45"
"1,120",1472,1649139,104,"£1,162,207.02"
"1,938",1443,2796480,107,"£531,515.95"
206,2257,464975,27,"£277,683.47"
"5,412",1922,10403098,124,"£150,016.62"
111,9435,1047293,18,"£283,270.71"
416,7549,3140567,89,"£207,536.99"
389,5787,2251288,98,"£72,745.92"
244,3988,973029,95,"£204,174.15"
"1,035",3468,3589281,120,"£340,054.52"
"1,860",2675,4974828,125,"£23,271.94"
"8,090",2359,19081985,128,"£66,866.29"
"9,295",2180,20263578,128,"£151,434.03"
"7,449",1546,11514435,132,"£5,345,761.57"
339,1041,352771,38,"£5,432,016.09"
"2,878",891,2565578,134,"£569,153.26"
41,3936,161389,25,"£945,685.66"
136,2589,352141,72,"£102,194.74"
182,2216,403276,79,"£166,610.88"
11,1693,18627,8,"£373,176.16"
15,2165,32481,12,"£83,472.61"
89,1035,92132,49,"£47,658.91"
99,801,79258,45,"£39,064.82"
"1,790",176,314842,64,"£5,366,637.86"
370,1136,420316,99,"£4,054,434.85"
340,2965,1008154,100,"£1,851,310.68"
542,2653,1437832,105,"£277,660.10"
112,1963,219853,51,"£1,807,457.21"
149,1150,171358,63,"£931,586.94"
147,616,90568,48,"£3,870,004.66"
113,4053,457981,65,"£653,604.74"
103,3185,328082,61,"£1,168,690.66"
28,3074,86067,22,"£231,232.71"
96,1341,128734,45,"£834,056.08"
40,824,32950,27,"£1,173,082.79"
306,5904,1806760,67,"£2,661,869.22"
546,5952,3249787,69,"£1,185,313.85"
480,7031,3374889,31,"£499,177.05"
"1,089",3684,4011614,121,"£5,858,426.61"
"4,146",3122,12944911,124,"£354,547.01"
"11,211",3029,33953168,125,"£2,720,756.05"
890,2118,1884848,120,"£806,639.10"
"2,026",1904,3856954,119,"£131,255.71"
103,2741,282334,56,"£2,025,162.71"
163,2536,413338,79,"£118,265.33"
60,1257,75449,34,"£601,694.76"
135,961,129679,54,"£126,703.80"
456,841,383294,90,"£1,575,548.25"
772,4728,3650221,86,"£1,488,596.80"
549,3975,2182372,40,"£2,682,412.92"
393,3781,1486121,34,"£4,465,107.75"
60,1754,105259,32,"£9,093,170.28"
118,5175,610695,57,"£581,174.48"
96,3666,351944,57,"£1,249,909.49"
107,4237,453319,29,"£3,080,164.33"
275,2572,707279,43,"£5,459,543.58"
666,2254,1501466,58,"£8,755,620.94"
413,1418,585559,59,"£7,384,749.55"
798,492,393003,50,"£17,949,176.20"
78,2074,161760,48,"£1,019,886.76"
150,1404,210638,58,"£2,600,251.10"
123,1166,143362,62,"£2,162,682.27"
50,2866,143284,34,"£5,990,736.52"
84,2680,225114,52,"£11,717,452.76"
102,2187,223106,59,"£1,708,136.85"
11,1432,15754,10,"£2,802,982.24"
53,1072,56821,35,"£18,603,518.53"
114,1041,118665,51,"£1,062,259.60"
342,13032,4456880,45,"£8,343,744.56"
332,10416,3458100,47,"£9,710,210.43"
181,4202,760494,74,"£1,941,418.74"
235,3545,833067,84,"£1,869,666.49"
55,2059,113248,33,"£34,828,855.54"
140,1280,179165,58,"£2,997,773.98"
466,908,423032,95,"£2,643,737.14"
80,698,55851,15,"£3,283,772.35"
69,1044,72036,15,"£7,647,504.02"
81,621,50335,8,"£252,441.14"
652,7358,4797397,19,"£102,469.74"
606,5536,3354650,48,"£1,656,215.09"
587,3638,2135559,78,"£2,690,472.96"
394,4702,1852552,37,"£4,173,924.49"
77,3269,251746,50,"£766,353.12"
198,2761,546762,74,"£3,564,466.17"
200,5043,1008509,90,"£155,718.58"
348,3448,1199921,111,"£1,010,117.44"
117,2738,320387,36,"£681,030.90"
339,2822,956517,109,"£1,517,851.20"
382,2498,954277,94,"£3,811,476.27"
"1,027",2171,2229672,121,"£7,634,567.78"
542,2408,1305103,85,"£13,648,170.11"
171,2481,424304,33,"£2,440,422.54"
"3,918",1533,6004357,128,"£13,267,474.37"
171,2047,350043,41,"£1,793,255.15"
"1,410",1879,2649118,123,"£13,625,170.96"
490,1706,835887,83,"£3,016,603.58"
64,2046,130967,24,"£4,738,990.31"
527,2851,1502476,109,"£10,120,882.98"
130,1225,159187,54,"£2,638,464.35"
153,3138,480176,71,"£7,426,754.78"
126,1686,212465,45,"£68,019,400.55"
935,4415,4128153,94,"£9,474,914.71"
216,12904,2787331,71,"£31,778,486.17"
471,8764,4127649,91,"£3,173,883.40"
987,7870,7767871,103,"£5,973,220.08"
"1,772",7249,12845711,110,"£2,271,010.96"
91,11460,1042879,47,"£6,985,242.73"
167,8781,1466446,61,"£1,322,876.70"
525,7508,3941660,88,"£154,753.66"
775,6741,5224627,106,"£2,425,415.47"
"1,003",6586,6605299,106,"£471,180.61"
"1,563",7097,11092607,100,"£3,913,237.87"
"2,798",6320,17682575,104,"£262,641.07"
157,7657,1202214,24,"£51,746.24"
468,5978,2797700,32,"£1,768,801.96"
931,4136,3850354,115,"£2,178,150.38"
"2,321",3387,7861956,117,"£811,208.53"
"3,510",3100,10881108,118,"£268,044.00"
671,3616,2426041,115,"£4,869,172.26"
"1,206",3118,3760622,120,"£12,434,740.76"
"5,110",2871,14668553,123,"£14,656,632.73"
240,5417,1300086,51,"£1,267,652.07"
"1,008",14359,14473407,95,"£6,633,993.49"
884,11248,9943362,91,"£4,874,453.43"
590,4606,2717606,115,"£3,980,781.35"
588,3232,1900444,118,"£1,217,357.59"
"7,962",7856,62550174,47,"£3,375,796.63"
"1,121",3611,4048364,119,"£846,767.91"
829,3087,2559499,117,"£160,535.53"
300,19609,5882830,48,"£144,732.06"
"3,936",1318,5189075,129,"£201,270.55"
122,1808,220596,27,£629.00
27,1522,41096,11,"£74,771.27"
424,4451,1887137,26,"£58,699.86"
516,6077,3135740,86,"£53,031.85"
756,5308,4012558,89,"£693,565.00"
602,1111,668641,80,"£486,485.84"
"2,724",1908,5196068,105,"£691,586.16"
71,1323,93919,32,"£1,188,218.85"
107,3219,344430,12,"£586,534.94"
60,2795,167698,11,"£543,746.57"
281,4758,1337059,40,"£1,054,899.94"
205,6681,1369569,63,"£1,312,572.12"
801,7359,5894269,119,"£2,079,926.33"
"1,551",5693,8830268,130,"£60,095.98"
"2,316",5046,11686209,131,"£527,833.82"
764,3596,2747379,122,"£443,999.55"
"3,210",3154,10122988,130,"£944,819.14"
881,2829,2491953,121,"£4,123,403.53"
"4,717",2485,11720553,133,"£260,652.20"
782,5686,4446220,114,"£469,577.54"
"1,367",4813,6579035,130,"£1,726,393.83"
"2,449",4299,10528410,131,"£56,689.70"
572,6343,3628333,122,"£8,233.47"
"1,632",4991,8144579,128,"£28,286.48"
"13,362",4338,57970266,134,"£2,124,194.10"
"3,953",4453,17602379,134,"£81,697.02"
"9,124",4000,36495539,134,"£25,957.59"
230,3462,796276,92,"£101,436.22"
"1,216",2878,3499086,129,"£44,409.43"
"3,302",2276,7514824,131,"£167,147.26"
518,3815,1976266,119,"£130,756.34"
"3,111",1853,5765639,128,"£533,020.74"
"1,037",1831,1898849,128,"£2,932.56"
"1,361",1424,1937642,125,"£50,999.20"
118,1687,199073,63,"£48,953.72"
141,1340,189006,67,"£1,042.17"
"1,027",8787,9024542,96,"£48,448.77"
"2,361",6759,15958125,116,"£358,038.92"
"2,268",6289,14263596,112,"£67,737.92"
922,1887,1739711,117,"£18,983.50"
"1,992",5063,10085068,125,"£105,824.16"
"1,744",3598,6274784,126,"£71,028.61"
"1,881",2896,5447070,130,"£121,380.87"
513,1634,838013,105,"£126,982.80"
"1,686",1534,2586850,127,"£661,888.10"
516,1580,815508,107,"£562,137.95"
75,1412,105936,54,"£269,593.31"
155,1319,204424,71,"£773,680.18"
313,452,141516,62,"£282,904.21"
1,1214,1214,1,"£107,021.20"
72,1306,94036,40,"£249,996.39"
39,1302,50796,22,"£22,902.94"
54,1330,71800,27,"£20,392.86"
2,2361,4721,2,"£28,575.25"
12,1109,13307,8,"£29,215.75"
2,4629,9258,2,"£25,885.99"
8,1510,12076,8,"£33,850.55"
1,2188,2188,1,"£25,278.82"
19,455,8636,10,"£6,361.21"
27,1800,48604,16,"£29,257.17"
354,2124,751849,86,"£77,862.10"
386,1227,473492,61,"£83,704.15"
"3,589",1506,5406309,122,"£102,164.01"
30,3169,95083,16,"£269,770.13"
507,983,498385,74,"£218,248.43"
80,832,66583,20,"£255,593.00"
"1,118",909,1016590,84,"£11,484.53"
42,734,30812,20,"£2,834.78"
"1,338",786,1051541,83,"£5,365.75"
77,9897,762069,39,"£54,815.15"
92,5221,480349,51,"£32,611.23"
213,4451,948053,63,"£7,684.68"
448,3122,1398696,70,"£825,724.46"
119,5468,650648,40,"£3,076,873.07"
182,2494,453995,49,"£6,405,910.93"
488,2254,1100045,71,"£242,037.96"
685,1921,1315968,75,"£854,217.21"
711,2092,1487420,72,"£1,267,934.52"
62,2168,134392,35,"£1,912.30"
"1,096",626,685799,102,£806.58
123,4324,531814,60,"£5,142.74"
302,3028,914462,105,"£507,305.92"
"1,072",3189,3419142,124,"£225,163.13"
150,2755,413246,62,"£772,661.94"
356,1722,612926,97,"£388,501.95"
"1,801",1353,2437006,129,"£652,710.96"
1,197,197,1,"£455,384.68"
1,69,69,1,"£36,317.86"
17,420,7134,3,"£28,988.46"
26,2011,52289,9,"£116,473.83"
30,3835,115058,6,"£44,304.66"
140,659,92307,38,"£54,703.72"
18,571,10285,11,"£98,483.46"
167,622,103853,42,"£133,869.23"
53,1292,68472,23,"£66,577.02"
240,885,212459,46,"£112,600.08"
152,1842,280037,42,"£75,378.07"
595,1139,677988,91,"£130,476.56"
11,580,6382,7,"£199,207.83"
82,907,74345,31,"£371,630.12"
4,385,1542,4,"£365,331.77"
43,140,6034,1,"£459,834.57"
48,2454,117781,25,"£726,708.06"
284,1804,512421,60,"£918,864.70"
189,2101,397030,20,"£117,590.34"
27,3133,84597,17,"£151,159.21"
111,1375,152571,37,"£47,333.71"
92,1983,182478,49,"£143,367.83"
34,3153,107211,15,"£331,012.97"
70,2025,141725,26,"£172,206.40"
219,2065,452291,37,"£542,986.36"
500,3759,1879577,37,"£763,605.79"
299,3505,1048047,33,"£1,799,460.10"
549,3196,1754331,43,"£1,168,709.36"
118,5007,590815,30,"£462,971.27"
79,4224,333708,19,"£401,712.09"
104,3520,366056,24,"£198,209.68"
19,5017,95320,6,"£126,027.25"
11,5374,59115,6,"£79,310.67"
8,4096,32769,6,"£155,832.81"
14,3759,52619,6,"£318,887.89"
11,4474,49209,7,"£577,900.15"
12,4492,53903,9,"£425,962.18"
8,5220,41759,7,"£575,552.57"
8,3252,26013,5,"£2,094,615.79"
7,1929,13503,7,"£1,252,828.61"
59,5277,311315,12,"£2,809,624.44"
31,4442,137715,16,"£2,805,414.76"
61,3747,228548,15,"£1,324,401.24"
108,5579,602515,23,"£674,407.13"
58,5588,324090,19,"£252,732.29"
89,5110,454766,20,"£70,147.12"
5,6451,32253,4,"£79,482.39"
6,6971,41825,6,"£36,243.08"
15,7200,107995,8,"£9,714.15"
13,6618,86039,6,"£34,566.54"
3,8257,24770,3,"£418,554.61"
930,4824,4486564,44,"£114,343.05"
"2,598",4191,10888275,55,"£1,237,126.65"
"3,529",3554,12543259,54,"£549,579.20"
107,6936,742162,34,"£823,013.01"
273,6057,1653573,42,"£848,212.55"
508,5792,2942259,48,"£536,618.46"
13,873,11344,3,"£2,894,362.46"
2,165,329,2,"£2,096,214.60"
10,4474,44737,5,"£1,147,009.64"
5,3056,15278,4,"£1,453,709.77"
26,1748,45455,12,"£755,047.39"
23,1939,44601,7,"£506,730.56"
87,5832,507363,26,"£438,923.48"
105,2213,232375,37,"£766,192.39"
16,894,14311,10,"£307,735.54"
10,3236,32364,6,"£264,655.27"
12,2436,29233,10,"£1,279,572.83"
12,1722,20665,9,"£177,545.11"
28,1598,44734,19,"£163,427.57"
37,2119,78407,22,"£1,626,100.86"
144,1119,161119,34,"£1,244,269.41"
24,3350,80395,13,"£1,731,785.29"
18,3283,59091,13,"£1,733,600.98"
27,1800,48602,22,"£244,750.18"
65,1093,71025,34,"£300,908.49"
122,1062,129544,50,"£230,960.43"
552,635,350413,61,"£979,049.27"
101,3366,339949,25,"£17,454.65"
253,2756,697375,61,"£26,965.58"
538,1362,732909,95,"£19,496.50"
814,1010,822144,91,"£624,242.27"
49,2142,104979,27,"£576,004.44"
112,834,93385,36,"£487,630.25"
76,344,26176,28,"£33,555.49"
58,5191,301076,19,"£24,826.13"
149,2550,379914,38,"£1,196,463.03"
92,1292,118856,38,"£672,679.91"
163,9649,1572826,26,"£636,404.83"
151,6507,982574,30,"£990,487.43"
387,5221,2020343,58,"£556,420.14"
329,3586,1179646,67,"£254,065.64"
197,2164,426269,61,"£1,786,841.02"
241,1504,362442,56,"£392,274.69"
31,5858,181605,19,"£180,216.98"
46,2640,121421,26,"£321,973.74"
46,2287,105186,28,"£78,760.18"
113,1443,163040,37,"£193,991.57"
306,2954,903887,37,"£444,482.17"
409,1622,663377,60,"£220,900.10"
250,1039,259723,55,"£136,027.77"
559,892,498400,68,"£245,060.31"
507,8780,4451659,23,"£2,827,156.30"
421,5529,2327794,28,"£1,132,983.85"
843,4037,3403133,42,"£1,725,970.62"
872,3327,2901271,48,"£2,289,398.94"
446,2732,1218668,42,"£2,390,192.09"
253,2043,516943,34,"£612,686.35"
101,3505,354024,23,"£4,097,001.18"
29,2885,83662,9,"£7,602,815.40"
48,2076,99625,23,"£2,911,365.89"
36,1379,49656,22,"£893,879.82"
22,953,20969,17,"£5,229,195.43"
11,1133,12458,8,"£2,738,354.48"
183,3091,565649,60,"£1,259,000.63"
98,752,73738,39,"£761,095.53"
261,8299,2166098,35,"£133,341.82"
148,5248,776672,28,"£243,945.13"
153,4210,644205,34,"£103,607.76"
228,4193,955970,45,"£39,020.75"
133,4186,556695,41,"£1,891,512.56"
693,5425,3759624,66,"£881,413.74"
785,2986,2344268,97,"£233,662.19"
639,1643,1049766,102,"£226,846.45"
506,4238,2144444,64,"£257,595.44"
324,2249,728694,63,"£126,378.73"
235,6627,1557425,36,"£187,464.26"
134,3541,474554,42,"£1,942,061.69"
211,2737,577514,60,"£96,496.53"
110,2202,242196,49,"£1,111,072.62"
107,1404,150175,49,"£868,108.68"
346,8104,2803832,33,"£1,588,559.25"
118,4351,513397,18,"£569,645.40"
116,2713,314680,23,"£842,567.77"
527,7112,3748089,43,"£505,404.52"
349,3745,1306832,53,"£793,406.93"
654,2381,1557300,92,"£214,810.77"
596,1973,1176070,97,"£45,989.64"
169,3219,544042,38,"£144,573.53"
162,1750,283420,46,"£79,774.68"
113,2390,270024,48,"£89,423.91"
340,1926,654872,81,"£193,327.78"
10,1843,18426,8,"£66,981.42"
28,590,16533,16,"£148,588.36"
36,286,10288,14,"£16,748.50"
257,2919,750060,25,"£9,322.02"
334,1882,628740,58,"£16,298.11"
329,1482,487712,60,"£2,611.68"
15,3962,59435,10,"£1,926.32"
20,2401,48022,12,"£22,534.47"
266,4722,1255950,36,"£9,494.11"
234,2855,668167,62,"£1,053,754.31"
317,2673,847188,72,"£501,362.16"
222,8238,1828834,18,"£454,047.91"
232,2483,576044,24,"£729,104.31"
52,3071,159675,12,"£54,436.62"
336,7535,2531727,24,"£85,065.23"
110,2764,304087,23,"£36,991.73"
84,1451,121902,28,"£83,095.87"
177,3676,650578,20,"£38,411.94"
69,1285,88658,18,"£154,133.77"
187,1198,224008,27,"£544,619.74"
160,3785,605602,28,"£167,289.31"
111,2616,290410,42,"£277,182.15"
107,1929,206367,45,"£106,895.31"
125,2191,273819,51,"£561,842.75"
352,10454,3679806,29,"£319,663.24"
239,4572,1092640,33,"£673,516.33"
260,3756,976521,37,"£410,395.75"
185,11249,2081137,24,"£392,773.55"
667,5040,3361470,33,"£327,535.38"
74,2316,171350,19,"£631,661.91"
787,6636,5222206,29,"£514,967.08"
"1,726",3982,6873144,49,"£394,978.58"
662,3286,2175580,43,"£240,679.28"
"1,565",989,1548156,45,"£250,974.73"
316,23648,7472783,29,"£43,048.20"
189,9228,1744065,35,"£355,117.20"
193,6798,1312053,38,"£242,214.02"
100,4396,439626,35,"£124,148.80"
105,2176,228464,25,"£197,936.25"
166,905,150288,32,"£470,294.99"
42,3238,135987,17,"£174,012.19"
19,1178,22379,11,"£204,676.13"
213,10927,2327544,36,"£353,874.37"
354,2334,826384,63,"£42,460.08"
147,983,144454,38,"£270,275.47"
167,1679,280371,39,"£86,083.37"
177,859,152089,27,"£655,722.40"
85,1896,161127,41,"£265,800.27"
106,1107,117381,45,"£770,050.39"
157,13056,2049845,29,"£112,631.77"
55,1521,83641,16,"£40,752.57"
325,7272,2363303,38,"£274,171.95"
354,3433,1215333,53,"£44,065.22"
731,2403,1756930,88,"£40,206.86"
323,1654,534120,70,"£280,232.70"
472,1095,516973,84,"£122,962.08"
135,5679,766613,35,"£102,593.27"
331,2835,938261,58,"£58,064.61"
110,1800,197970,51,"£20,960.95"
25,9110,227743,17,"£3,824.83"
118,1518,179085,52,"£382,765.26"
93,648,60309,38,"£158,433.02"
56,1922,107608,28,"£20,515.72"
144,1372,197600,57,"£3,871.56"
57,624,35541,26,"£175,546.29"
27,1676,45253,20,"£140,108.44"
18,1302,23427,13,"£104,459.14"
15,1406,21089,10,"£1,052,484.02"
12,7627,91528,9,"£160,444.63"
3,2746,8237,3,"£193,355.41"
3,1418,4253,3,"£18,431.63"
20,901,18022,14,"£51,463.60"
8,842,6739,7,"£27,851.90"
209,3948,825234,40,"£21,819.36"
71,1462,103803,37,"£117,308.33"
71,7307,518796,27,"£2,086,450.42"
37,6133,226926,22,"£315,288.94"
31,5132,159100,23,"£202,152.27"
52,1252,65084,34,"£612,253.12"
11,5282,58101,9,"£1,167,342.00"
10,3344,33439,8,"£1,142,291.65"
31,4993,154791,23,"£345,972.51"
121,1198,144952,47,"£228,555.53"
369,1286,474494,90,"£563,793.99"
71,5271,374236,31,"£366,705.31"
268,952,255220,64,"£66,882.27"
119,375,44590,32,"£145,227.93"
144,10324,1486691,39,"£151,596.04"
50,7950,397505,27,"£198,308.34"
231,2367,546732,55,"£61,704.54"
235,1211,284701,44,"£87,163.64"
307,1168,358423,44,"£225,851.11"
341,626,213316,62,"£557,939.71"
166,8231,1366389,39,"£763,504.99"
249,1847,459890,67,"£294,851.26"
236,972,229427,55,"£16,612.80"
154,3963,610244,42,"£5,757.47"
150,940,141028,42,"£7,089.41"
74,422,31227,18,"£1,639,752.26"
99,4030,398926,17,"£706,059.46"
67,2158,144579,24,"£548,860.48"
50,1594,79693,20,"£243,286.46"
93,1542,143386,42,"£597,286.95"
124,3778,468456,18,"£229,364.61"
71,2738,194391,25,"£632,941.25"
51,2617,133488,26,"£179,286.95"
76,7716,586430,17,"£197,718.85"
19,1355,25753,7,"£232,931.13"
109,2796,304770,23,"£113,025.00"
22,3113,68489,15,"£369,119.37"
246,2900,713430,36,"£501,538.41"
132,1827,241148,34,"£699,289.12"
271,1751,474572,57,"£320,214.42"
41,2306,94527,7,"£288,092.35"
14,2924,40939,12,"£149,518.00"
109,2499,272372,16,"£128,036.39"
13,2007,26087,8,"£180,895.33"
28,1234,34544,13,"£209,277.43"
84,5221,438565,17,"£5,967,040.78"
36,3674,132246,18,"£1,176,862.70"
49,2875,140896,27,"£2,044,816.62"
12,9330,111964,10,"£212,207.24"
16,1561,24979,13,"£59,893.71"
3,1376,4127,3,"£967,144.83"
128,3094,396031,43,"£410,022.42"
42,2030,85276,23,"£315,080.08"
33,1239,40900,20,"£410,351.35"
12,540,6486,11,"£241,089.74"
81,2498,202351,42,"£717,091.52"
121,1169,141458,50,"£2,510,961.56"
132,762,100623,47,"£809,187.54"
226,5929,1339844,69,"£3,277,751.52"
80,2259,180755,48,"£1,887,798.53"
97,2064,200223,45,"£984,937.97"
16,7451,119208,13,"£124,560.95"
54,1001,54038,34,"£1,248,625.13"
84,761,63915,41,"£2,803,308.01"
4,1560,6240,4,"£1,325,761.29"
72,1570,113048,21,"£1,223,237.49"
"1,145",1492,1708305,3,"£5,923,453.13"
128,3029,387692,49,"£4,385,536.16"
60,1470,88196,24,"£6,039,714.96"
328,3471,1138346,64,"£5,167,687.29"
776,1383,1073209,104,"£4,633,759.58"
"1,377",833,1147117,114,"£2,728,472.49"
51,557,28411,9,"£30,631,072.44"
4,1105,4422,2,"£3,834,248.41"
3,1063,3190,1,"£111,992.11"
63,9262,583484,38,£859.20
55,6660,366292,25,"£1,023,194.12"
74,4871,360465,34,"£913,485.92"
40,3992,159699,27,"£1,174,185.52"
43,5782,248624,28,"£1,793,339.92"
39,2149,83827,17,"£1,107,331.48"
101,3890,392867,23,"£1,952,012.17"
91,4419,402164,43,"£2,467,314.06"
69,1229,84777,32,"£4,105,378.48"
88,1858,163528,38,"£3,453,001.74"
257,1412,362967,74,"£5,113,348.63"
580,1198,694904,106,"£6,031,620.69"
843,1068,900260,115,"£417,177.78"
659,768,506000,94,"£276,105.59"
5,1480,7399,3,"£296,423.99"
13,1192,15493,11,"£733,914.82"
10,940,9397,7,"£761,273.03"
235,11464,2693932,68,"£685,616.16"
153,6202,948841,53,"£51,233.61"
201,2886,580133,67,"£159,952.59"
454,584,265211,54,"£378,836.74"
106,7333,777340,36,"£626,526.50"
107,4236,453200,43,"£205,616.32"
415,2445,1014623,74,"£197,406.94"
110,3343,367778,45,"£367,345.94"
117,1796,210180,55,"£145,085.83"
124,1581,195999,55,"£181,615.80"
71,1959,139124,40,"£5,322,371.94"
186,2006,373103,72,"£2,168,958.79"
358,1447,517906,101,"£11,798,231.79"
755,864,652608,102,"£1,849,561.70"
436,786,342624,71,"£17,312,494.71"
195,1887,368010,25,"£181,934.55"
54,3313,178924,29,"£211,003.86"
133,1168,155278,34,"£448,926.90"
202,1101,222440,58,"£979,475.36"
171,850,145350,47,"£189,900.23"
338,7033,2377154,36,"£114,774.46"
10,10284,102840,8,"£95,431.71"
8,8573,68586,6,"£120,374.27"
240,5282,1267659,63,"£744,090.29"
125,2621,327666,58,"£304,637.83"
102,3043,310379,17,"£410,513.47"
42,7282,305839,22,"£314,049.30"
1,2953,2953,1,"£152,598.28"
7,41415,289906,7,"£120,999.06"
28,92048,2577344,7,"£116,437.75"
4,39586,158343,4,"£28,616.82"
31,81512,2526864,7,"£23,124.61"
11,84665,931313,4,"£55,465.77"
13,67380,875939,5,"£38,633.93"
1,7054,7054,1,"£84,105.77"
379,13411,5082892,46,"£22,783.76"
253,5823,1473131,43,"£29,525.36"
228,4207,959303,43,"£30,671.12"
628,16977,10661682,74,"£20,084.34"
369,13419,4951498,69,"£1,341,572.04"
501,11278,5650439,80,"£4,418,175.90"
441,8655,3816937,84,"£7,512.23"
468,6537,3059500,85,"£774,479.84"
423,3706,1567566,78,"£984,181.85"
"1,752",16768,29378122,42,"£276,127.37"
93,39088,3635204,15,"£653,093.54"
3,12104,36311,2,"£35,205.86"
1,43315,43315,1,"£13,117.82"
299,8955,2677495,68,"£11,774.80"
304,5434,1651998,81,"£24,934.42"
527,3736,1968959,102,"£25,597.95"
885,2344,2074016,100,"£45,053.98"
985,1274,1255126,94,"£94,626.79"
224,13851,3102632,59,"£230,562.71"
509,8347,4248713,86,"£5,485.72"
"1,011",5123,5179317,106,"£1,976,662.05"
988,4156,4106362,107,"£2,961,668.91"
"1,562",3457,5400448,114,"£1,026,766.25"
"1,978",2599,5141001,110,"£2,581,555.89"
173,4331,749243,65,"£446,131.74"
90,2835,255145,50,"£1,078,237.44"
173,2230,385796,62,"£2,955,002.63"
335,1832,613558,89,"£61,469.81"
573,581,333030,58,"£93,199.76"
224,4831,1082110,33,"£128,575.94"
20,6226,124516,13,"£34,282.50"
40,4250,170015,26,"£132,092.91"
155,4590,711481,59,"£117,502.81"
145,3307,479512,52,"£378,086.73"
46,1391,63989,24,"£762,343.22"
118,4349,513180,10,"£30,675.23"
114,2836,323328,14,"£62,931.38"
56,2036,113993,14,"£5,710.64"
53,3175,168300,15,"£7,483.82"
204,28005,5713105,17,"£24,229.46"
34,57465,1953815,9,"£12,793.70"
448,32430,14528671,17,"£156,416.91"
57,68595,3909915,15,"£133,472.90"
242,47344,11457282,21,"£130,511.08"
64,1821,116532,8,"£212,297.08"
40,1617,64688,12,"£315,552.02"
63,2184,137623,13,"£338,329.90"
"4,187",567,2373365,128,"£622,674.22"
834,740,616756,77,"£1,044,006.81"
20,327,6537,12,"£147,034.58"
1,564,564,1,"£385,417.31"
132,308,40676,12,"£53,909.41"
14,972,13605,4,"£112,362.80"
120,2502,300181,55,"£172,079.66"
85,3061,260218,41,"£1,401,769.86"
130,5134,667440,48,"£247,905.45"
98,7346,719860,38,"£52,610.89"
12,2046,24557,11,"£129,272.07"
7,4549,31840,5,"£121,021.11"
10,8194,81944,8,"£25,409.75"
9,7943,71490,9,"£13,792,635.02"
242,3924,949686,88,"£22,036,165.03"
55,4633,254797,41,"£316,856.74"
42,6230,261664,28,"£661,761.13"
19,10471,198956,17,"£379,544.70"
53,4241,224787,37,"£743,934.35"
30,6211,186317,25,"£379,421.35"
15,8496,127441,12,"£628,230.06"
10,9825,98247,10,"£1,836,006.31"
14,6753,94546,12,"£105,647.60"
9,8068,72608,8,"£87,305.33"
10,9357,93569,9,"£58,934.96"
2,14073,28147,2,"£89,194.95"
2,10672,21345,1,"£23,763.13"
3,10857,32571,3,"£146,003.85"
3,3150,9451,2,"£136,798.91"
1,66023,66023,1,"£106,026.89"
115,3194,367277,42,"£223,710.94"
115,5455,627329,43,"£110,420.32"
9,8659,77933,6,"£146,979.27"
175,2441,427236,38,"£75,206.37"
375,6527,2447743,51,"£97,081.59"
39,8317,324345,19,"£103,061.50"
11,10794,118729,5,"£169,686.06"
368,2737,1007321,64,"£195,030.66"
51,3364,171570,20,"£159,746.02"
188,5989,1125975,33,"£132,765.70"
155,5003,775471,35,"£15,818.94"
135,4132,557814,26,"£19,163.80"
224,1866,417896,35,"£366,327.95"
2,588,1176,2,"£908,548.08"
2,627,1255,2,"£288,048.67"
23,777,17872,10,"£233,719.28"
1,4977,4977,1,"£920,889.82"
1,3155,3155,1,"£719,211.52"
8,990,7917,6,"£779,138.36"
28,1016,28442,10,"£2,960,964.24"
104,1176,122262,35,"£2,629,760.55"
222,1271,282122,77,"£56,268.70"
1,561,561,1,"£90,010.95"
268,9387,2515827,86,"£220,442.39"
436,5483,2390720,108,"£425,066.32"
220,6221,1368649,86,"£301,084.46"
560,3510,1965409,122,"£241,512.32"
116,4957,574987,48,"£140,093.97"
415,2643,1096801,105,"£204,708.00"
"1,634",1606,2624323,137,"£411,064.25"
34,2668,90696,14,"£227,665.98"
40,2016,80624,10,"£258,690.36"
13,6000,77997,11,"£1,797,643.63"
12,4288,51459,11,"£844,294.92"
31,3301,102340,17,"£3,701,313.04"
8,10039,80314,6,"£396,255.28"
42,5892,247484,27,"£1,451,510.34"
148,3883,574712,50,"£4,509,123.77"
215,1820,391303,70,"£1,592,923.93"
16,1419,22711,10,"£1,729,593.02"
63,805,50717,32,"£2,052,183.05"
8,1286,10289,7,"£229,267.46"
15,1418,21274,12,"£1,096,561.59"
31,1477,45777,20,"£96,878.73"
64,2502,160136,45,"£1,451,500.32"
114,1169,133289,51,"£1,106,411.63"
205,701,143645,73,"£308,425.10"
29,6780,196628,20,"£994,831.22"
55,3316,182357,42,"£440,176.74"
64,2802,179311,39,"£64,303.62"
196,1646,322685,59,"£313,332.84"
445,1310,582772,81,"£125,573.70"
370,8956,3313902,56,"£910,626.67"
462,1171,541009,91,"£533,048.00"
47,2132,100223,21,"£263,858.05"
127,1800,228627,46,"£978,399.01"
273,906,247239,54,"£1,542,744.83"
199,2782,553617,66,"£542,511.85"
265,767,203335,71,"£583,416.38"
54,582,31444,25,"£405,835.90"
73,6511,475306,3,"£136,994.79"
94,2465,231675,3,"£241,718.44"
37,976,36119,3,"£596,284.34"
14,1426,19959,11,"£770,649.01"
1,663,663,1,"£198,707.04"
"18,986",638,12117817,147,"£393,821.71"
"36,191",578,20905249,147,"£533,520.73"
136,2067,281063,22,"£269,124.81"
209,2106,440105,76,"£2,400,357.70"
245,928,227359,79,"£712,453.54"
239,2705,646550,66,"£223,836.40"
354,691,244673,78,"£645,433.99"
201,5163,1037758,71,"£688,898.61"
363,3163,1148171,93,"£1,618,722.37"
11,11337,124707,9,"£261,623.31"
23,11917,274083,14,"£163,504.77"
30,8071,242117,10,"£1,178,068.34"
38,2686,102060,18,"£768,850.71"
91,1035,94152,16,"£1,007,081.27"
11,19452,213967,8,£934.70
28,12608,353018,14,"£118,825.02"
40,4880,195181,17,"£19,512.83"
46,3689,169692,21,"£3,112,618.61"
54,2852,154008,17,"£69,186.49"
23,9542,219464,17,"£3,482.09"
25,5015,125385,18,"£21,045.04"
37,3175,117484,27,"£61,996.91"
75,3624,271773,32,"£228,711.22"
159,2599,413185,55,"£10,992.16"
149,2723,405796,59,"£917,841.69"
212,997,211349,59,"£580,883.61"
39,2204,85964,24,"£715,377.46"
117,16825,1968551,55,"£1,887,389.85"
126,10402,1310636,60,"£179,975.68"
69,7785,537168,45,"£1,633,353.01"
122,9042,1103099,53,"£244,032.95"
236,7946,1875372,81,"£8,100.98"
141,5583,787219,68,"£1,823,563.49"
589,4288,2525569,93,"£1,068,408.20"
"1,564",3325,5199957,128,"£1,085,312.52"
"1,460",2360,3445843,125,"£2,168,643.95"
16,7131,114090,15,"£3,923,311.18"
18,2974,53523,14,"£1,378,671.08"
183,2020,369686,65,"£847,569.70"
358,1540,551451,85,"£2,629,664.01"
8,14086,112685,4,"£2,381,936.21"
19,10844,206033,4,"£1,100,239.48"
19,4712,89524,9,"£2,408,386.05"
63,8004,504270,9,"£4,492,261.32"
53,3745,198478,13,"£4,500,517.39"
26,1973,51290,10,"£1,561,800.52"
"1,043",759,791199,56,"£1,673,198.63"
266,5733,1524914,22,"£1,941,372.15"
144,6751,972152,23,"£771,088.06"
182,6279,1142811,26,"£2,694,333.28"
41,9463,387980,19,"£5,018,615.59"
143,4875,697136,28,"£7,474,475.72"
314,5465,1716057,32,"£824,777.96"
224,7121,1595207,27,"£1,558,685.90"
228,4390,1001013,37,"£677,348.56"
800,2474,1979011,36,"£246,624.55"
55,4823,265258,22,"£1,257,299.26"
15,7257,108855,8,"£1,058,606.81"
108,544,58727,28,"£1,117,944.34"
42,715,30029,23,"£838,493.08"
4,1680,6720,2,"£1,002,505.29"
429,2762,1184920,24,"£2,812,044.69"
72,1451,104504,36,"£5,381,957.71"
"1,402",1010,1416145,112,"£500,546.59"
"1,165",1093,1273662,125,"£441,383.09"
463,618,286031,92,"£767,881.24"
"1,103",1303,1437418,87,"£903,002.30"
107,2288,244821,20,"£510,176.64"
43,1831,78741,21,"£410,090.08"
19,12667,240672,17,"£1,868,274.36"
12,8180,98164,11,"£1,701,052.18"
108,8439,911441,57,"£2,773,889.39"
83,4905,407104,51,"£1,046,754.05"
101,1870,188881,56,"£2,785,119.95"
478,972,464817,100,"£8,625,501.74"
368,2528,930487,28,"£490,612.87"
353,2618,924221,29,"£1,605,223.00"
65,7273,472715,32,"£340,364.33"
52,10642,553389,33,"£594,517.95"
57,6049,344811,35,"£530,016.06"
31,4691,145411,24,"£6,703,548.77"
54,2899,156553,29,"£544,317.71"
107,4718,504877,52,"£1,212,283.96"
194,2772,537781,65,"£1,819,047.89"
194,1634,316987,63,"£3,158,338.82"
88,4818,424002,37,"£4,533,140.67"
131,2400,314362,41,"£1,866,097.05"
117,1975,231096,34,"£45,600.71"
"1,874",930,1742268,117,"£63,479.42"
345,2635,909171,17,"£108,942.43"
182,1293,235375,64,"£183,591.57"
112,4603,515491,29,"£242,175.73"
134,3405,456214,40,"£3,107,726.19"
475,3272,1554105,53,"£3,856,910.79"
95,1962,186381,39,"£18,746,303.61"
72,2841,204525,18,"£17,383,004.75"
524,1244,651729,110,"£808,347.96"
15,1430,21446,12,"£912,674.27"
252,1467,369780,75,"£698,771.56"
125,2165,270658,18,"£933,342.02"
220,2878,633194,52,"£1,587,138.15"
67,2404,161054,18,"£3,975,675.16"
3,506,1517,2,"£3,166,743.74"
"1,096",2878,3154805,115,"£1,299,760.16"
4,908,3634,4,"£1,144,382.73"
225,528,118814,11,"£1,950,989.10"
124,1801,223367,62,"£1,078,300.98"
2,1575,3150,2,"£1,571,281.49"
43,711,30575,19,"£2,508,092.74"
3,830,2490,3,"£2,308,215.09"
49,1093,53557,24,"£487,366.18"
199,3882,772542,14,"£432,307.72"
247,2888,713221,25,"£338,675.56"
453,1635,740778,102,"£335,065.69"
"1,310",1412,1849960,120,"£416,643.29"
188,1003,188497,67,"£397,521.32"
"1,766",854,1508223,89,"£518,709.39"
178,1818,323609,19,"£380,589.38"
24,1382,33167,18,"£484,712.91"
69,2741,189114,7,"£2,253,948.46"
202,11309,2284424,60,"£446,866.89"
66,8814,581741,34,"£399,631.95"
329,8960,2947749,84,"£1,895,061.04"
222,7533,1672397,74,"£16,584.59"
47,27138,1275500,13,"£259,104.58"
96,11856,1138177,33,"£1,072,768.06"
74,7539,557913,34,"£732,824.18"
110,12194,1341386,43,"£847,323.22"
71,7521,533960,30,"£329,029.61"
347,9002,3123820,55,"£856,923.39"
318,7549,2400552,57,"£189,061.20"
270,7733,2087793,50,"£798,946.34"
222,13023,2891211,52,"£114,833.76"
410,9302,3813665,59,"£327,484.15"
479,8035,3848628,62,"£263,737.37"
344,7510,2583286,61,
284,9383,2664676,59,
265,8099,2146247,57,
188,7614,1431470,50,
189,9303,1758318,49,
450,7040,3167788,62,
746,6476,4831225,76,
768,6013,4617636,86,
95,9329,886246,38,
157,9048,1420526,51,
121,3302,399506,41,
43,3065,131786,25,
309,2494,770675,69,
54,28435,1535468,34,
30,12615,378458,21,
50,25940,1297001,30,
31,16850,522356,23,
335,11120,3725088,64,
517,7695,3978212,86,
79,11247,888535,39,
67,4670,312883,38,
87,14422,1254678,42,
50,10232,511620,30,
64,11376,728049,32,
28,6538,183064,20,
630,5028,3167752,93,
427,3509,1498154,92,
500,3662,1830845,100,
150,7047,1056977,55,
901,5279,4756618,64,
"1,607",5250,8437310,70,
138,6228,859410,60,
221,4662,1030214,68,
71,3307,234766,36,
131,6445,844293,64,
172,2899,498708,46,
"2,739",2869,7858232,62,
151,1355,204642,45,
218,5686,1239563,49,
455,2917,1327108,65,
751,2317,1740433,87,
"1,403",1909,2677788,97,"£1,047,522.97"
"1,554",1743,2708294,101,"£27,058.06"
748,1611,1205265,96,"£61,589.50"
19,4755,90346,15,"£1,109,574.52"
30,2183,65483,18,"£673,774.09"
65,1881,122245,29,"£728,822.74"
140,931,130297,47,"£389,184.82"
263,611,160786,43,"£579,884.50"
288,3441,991059,53,"£990,373.96"
245,2803,686716,53,"£1,133,737.19"
127,2037,258654,51,"£2,021,607.22"
453,4464,2022184,67,"£2,860,610.46"
695,2524,1754375,79,"£3,148,158.87"
"1,250",2067,2583702,86,"£143,610.05"
765,1714,1311305,86,"£1,130,611.53"
285,5317,1515335,54,
306,3440,1052524,58,
403,5098,2054623,63,
122,3662,446724,41,
399,3995,1594094,70,
506,3093,1565124,85,
393,2649,1040864,80,
79,4966,392279,20,
67,3418,229035,17,
56,5788,324102,31,
102,2132,217467,47,
98,1671,163804,39,
134,5572,746605,46,
146,3316,484194,56,
148,5067,749872,44,
130,3204,416459,43,
889,1830,1626805,90,
195,2009,391731,51,
110,2820,310160,41,
414,1702,704819,60,
7,1028,7195,5,
69,838,57840,23,
583,1528,891100,97,
115,2334,268424,30,
149,3733,556257,25,
550,1500,825112,69,
258,2179,562066,21,
"1,247",989,1233662,94,
161,1692,272360,24,
113,2436,275218,21,
681,502,341600,78,
70,1267,88721,23,
58,1041,60392,21,
296,810,239654,76,
83,1648,136803,24,
97,1411,136862,22,
246,1686,414838,43,
282,2915,821986,27,
41,925,37910,16,
45,2578,116019,20,
694,1529,1061423,49,
60,5552,333100,32,
76,4191,318502,36,
95,5512,523621,43,
107,4336,463951,44,
196,4028,789536,33,
467,4273,1995296,64,
698,2376,1658456,67,
650,2280,1481713,78,
"1,574",1878,2955816,82,
67,1061,71105,25,
299,2737,818238,14,
34,1911,64961,13,
135,1829,246864,22,
36,12584,453029,8,
29,12379,358989,17,
120,10102,1212271,20,
91,6907,628529,17,
120,11221,1346520,30,
131,7850,1028334,28,
41,17166,703799,22,
19,7322,139111,11,
67,10130,678724,23,
62,5654,350559,23,
258,8700,2244551,49,
308,6670,2054312,56,
535,7870,4210323,59,
"1,022",6882,7033795,62,
